,Id,Link
0,DW60M5050FS/EC,https://www.samsung.com/pt/dishwashers/freestanding/13-place-settings-stss-dw60m5050fs-ec/
1,DW60M6040FS/EC,https://www.samsung.com/pt/dishwashers/freestanding/13-place-settings-stss-dw60m6040fs-ec/
2,LS24D330HSX/EN,https://www.samsung.com/pt/monitors/flat/fhd-gaming-monitor-with-1ms-fast-response-time-24-inch-ls24d330hsx-en/
3,DW60M5050FW/EC,https://www.samsung.com/pt/dishwashers/freestanding/13-place-settings-white-dw60m5050fw-ec/
4,HAF-CIN/EXP,https://www.samsung.com/pt/home-appliance-accessories/filtro-haf-qinexp-haf-qin-exp/
7,MS23K3513AW/EC,https://www.samsung.com/pt/microwave-ovens/solo/microwave-oven-solo-ms23k3513awec/
8,RL4363FBASL/EF,https://www.samsung.com/pt/refrigerators/bottom-mount-freezer/432l-ez-clean-steel-rl4363fbasl-ef/
9,RT29K5030S8/ES,https://www.samsung.com/pt/refrigerators/top-mount-freezer/300l-look-inox-rt29k5030s8-es/
10,RT32K5030WW/ES,https://www.samsung.com/pt/refrigerators/top-mount-freezer/321l-white-rt32k5030ww-es/
11,RT38K5530S8/ES,https://www.samsung.com/pt/refrigerators/top-mount-freezer/384l-look-inox-rt38k5530s8-es/
12,RT29K5030WW/ES,https://www.samsung.com/pt/refrigerators/top-mount-freezer/300l-white-rt29k5030ww-es/
13,RT32K5030S8/ES,https://www.samsung.com/pt/refrigerators/top-mount-freezer/321l-look-inox-rt32k5030s8-es/
14,EP-TA845XBEGWW,https://www.samsung.com/pt/smartphones/galaxy-note/
15,VG-SGSM11S/XC,https://www.samsung.com/pt/tv-accessories/tower-stand-vg-sgsm11s-vg-sgsm11s-xc/
16,WMN-M15EA/XC,Error getting the final link
17,VCC45W0S36/XEP,https://www.samsung.com/pt/vacuum-cleaners/canister/without-bag-vcc45w0s36/
18,DW60M6040FW/EC,https://www.samsung.com/pt/dishwashers/freestanding/13-place-settings-white-dw60m6040fw-ec/
19,MG23K3515AS/EC,https://www.samsung.com/pt/microwave-ovens/grill/microwave-oven-grill-mg23k3515as/
20,RT50K6335S9/ES,https://www.samsung.com/pt/c/p/RT50K6335S9/ES/
21,VG-SCFM65WM/XC,https://www.samsung.com/pt/tv-accessories/customizable-frame-vg-scfm65-white-vg-scfm65wm-xc/
22,VG-SCFN65BM/XC,https://www.samsung.com/pt/tv-accessories/customizable-frame-vg-scfm65-black-vg-scfn65bm-xc/
23,VG-SCFN65DP/XC,https://www.samsung.com/pt/tv-accessories/customizable-frame-vg-scfm65-brown-vg-scfn65dp-xc/
24,RZ32M7115S9/ES,https://www.samsung.com/pt/refrigerators/one-door/315l-stainless-rz32m7115s9-es/
25,WMN-M20EA/XC,https://www.samsung.com/pt/tv-accessories/no-gap-wall-mount-wmn-m20e-wmn-m20ea-xc/
26,RR39M7145S9/ES,https://www.samsung.com/pt/refrigerators/one-door/385l-stainless-rr39m7145s9-es/
27,VC07M25F0WP/EP,https://www.samsung.com/pt/vacuum-cleaners/canister/vc2500m/
28,DW60R7050FS/EC,https://www.samsung.com/pt/dishwashers/freestanding/14-place-settings-stss-dw60r7050fs-ec/
29,DW60R7040FW/EC,https://www.samsung.com/pt/dishwashers/freestanding/13-place-settings-white-dw60r7040fw-ec/
30,LC34H890WJUXEN,https://www.samsung.com/pt/support/model/LC34H890WJUXEN/
31,LC49J890DKUXEN,https://www.samsung.com/pt/support/model/LC49J890DKUXEN/
32,EF-BP610PLEGEU,https://www.samsung.com/pt/mobile-accessories/galaxy-tab-s6-lite-book-cover-ef-bp610plegeu/
33,SM-P615NZBAPHE,https://www.samsung.com/pt/common/404/
34,NV75K5571RS/EC,https://www.samsung.com/pt/cooking-appliances/ovens/electric-oven-nv75k5571rs-ec/
35,NZ64R3747BK/UR,https://www.samsung.com/pt/cooking-appliances/hobs/induction-hob-with-4-burners-nz64r3747bk-ur/
36,DW60M6050BB/EO,https://www.samsung.com/pt/dishwashers/built-in/14-place-settings-white-dw60m6050bb-eo/
37,NZ64M3707AK/UR,https://www.samsung.com/pt/cooking-appliances/hobs/induction-hob-with-4-burners-nz64m3707ak-ur/
38,MG22M8074CT/EC,https://www.samsung.com/pt/microwave-ovens/grill/mg22m8074ct/
39,NV75N5671RS/EC,https://www.samsung.com/pt/cooking-appliances/ovens/electric-oven-nv75n5671rs-ec/
40,NK36M5060SS/UR,https://www.samsung.com/pt/cooking-appliances/hoods/wall-mount-hood-nk36m5060ss-ur/
41,NK24M5060SS/UR,https://www.samsung.com/pt/cooking-appliances/hoods/wall-mount-hood-nk24m5060ss-ur/
42,SM-N980FZNGEUB,https://www.samsung.com/pt/smartphones/galaxy-note20/buy/?modelCode=SM-N980FZNGEUB
43,SM-T970NZNAEUB,https://www.samsung.com/pt/tablets/galaxy-tab-s/galaxy-tab-s7-plus-12-4-inch-mystic-bronze-128gb-wi-fi-sm-t970nznaeub/buy/
44,SM-R180NZKAEUB,https://www.samsung.com/pt/audio-sound/galaxy-buds/galaxy-buds-live-mystic-black-sm-r180nzkaeub/
45,SM-R180NZWAEUB,https://www.samsung.com/pt/audio-sound/galaxy-buds/galaxy-buds-live-mystic-white-sm-r180nzwaeub/
46,SM-T875NZKAEUB,https://www.samsung.com/pt/tablets/galaxy-tab-s/galaxy-tab-s7-11-inch-mystic-black-128gb-lte-sm-t875nzkaeub/buy/
47,SM-R850NZDAEUB,https://www.samsung.com/pt/watches/galaxy-watch/galaxy-watch3-41mm-mystic-bronze-sm-r850nzdaeub/buy/
48,SM-T870NZNAEUB,https://www.samsung.com/pt/tablets/galaxy-tab-s/galaxy-tab-s7-11-inch-mystic-bronze-128gb-wi-fi-sm-t870nznaeub/buy/
49,SM-T976BZKAEUB,https://www.samsung.com/pt/tablets/galaxy-tab-s/galaxy-tab-s7-plus-12-4-inch-mystic-black-128gb-5g-sm-t976bzkaeub/buy/
50,EP-N5105TBEGWW,https://www.samsung.com/pt/smartphones/galaxy-note/
51,EF-BT500PJEGEU,https://www.samsung.com/pt/mobile-accessories/galaxy-tab-a7-book-cover-gray-ef-bt500pjegeu/
52,SM-T505NZSEEUB,https://www.samsung.com/pt/tablets/galaxy-tab-a/galaxy-tab-a7-10-4-inch-silver-64gb-lte-sm-t505nzseeub/buy/
53,SM-R220NZKAEUB,https://www.samsung.com/pt/watches/galaxy-fit/galaxy-fit2-black-sm-r220nzkaeub/buy/
54,EF-ZG780CNEGEW,https://www.samsung.com/pt/smartphones/galaxy-s20/accessories/
55,SM-G781BZBDEUB,https://www.samsung.com/pt/smartphones/galaxy-s20/buy/?modelCode=SM-G781BZBDEUB
56,SM-A217FZKUEUB,https://www.samsung.com/pt/smartphones/galaxy-a/galaxy-a21s-black-128gb-sm-a217fzkueub/buy/
57,WW80TA046AX/EP,https://www.samsung.com/pt/washers-and-dryers/washing-machines/ww5000t-front-loading-eco-bubble-hygiene-steam-dit-8kg-platinumsilver-ww80ta046ax-ep/
58,MC28M6035KS/EC,https://www.samsung.com/pt/microwave-ovens/convection/microwave-oven-convection-mc28m6055cw-mc28m6035ks-ec/
59,WW90T554DTW/S3,https://www.samsung.com/pt/washers-and-dryers/washing-machines/front-load-9kg-white-ww90t554dtw-s3/
60,WW90T534DAW/S3,https://www.samsung.com/pt/washers-and-dryers/washing-machines/front-load-9kg-white-ww90t534daw-s3/
61,WW90T554DAN/S3,https://www.samsung.com/pt/c/p/WW90T554DAN/S3/
62,WW90T754DBH/S3,https://www.samsung.com/pt/washers-and-dryers/washing-machines/front-loading-washer-ww10t754abts2-ww90t754dbh-s3/
63,DV90T5240TW/S3,https://www.samsung.com/pt/washers-and-dryers/dryers/9kg-white-dv90t5240tw-s3/
64,RB36T672CS9/EF,https://www.samsung.com/pt/refrigerators/bottom-mount-freezer/360l-refined-inox-rb36t672cs9-ef/
65,WW80T554DTW/S3,https://www.samsung.com/pt/washers-and-dryers/washing-machines/ww5000t-front-loading-eco-bubble-ai-control-add-wash-8kg-white-ww80t554dtw-s3/
66,RB34T600CSA/EF,https://www.samsung.com/pt/refrigerators/bottom-mount-freezer/340l-metal-graphite-rb34t600csa-ef/
67,WW90TA026TE/EP,https://www.samsung.com/pt/washers-and-dryers/washing-machines/front-loading-washer-ww80ta046aeef-ww90ta026te-ep/
68,RB34T632DSA/EF,https://www.samsung.com/pt/refrigerators/bottom-mount-freezer/331l-metal-graphite-rb34t632dsa-ef/
69,WD90T734DBH/S3,https://www.samsung.com/pt/washers-and-dryers/washer-dryer-combo/wd7300t-front-loading-9kg-white-wd90t734dbh-s3/
70,WD10T634DBH/S3,https://www.samsung.com/pt/washers-and-dryers/washer-dryer-combo/combo-wd10t634dbhs7-wd10t634dbh-s3/
71,UE32T4005AKXXC,https://www.samsung.com/pt/tvs/hd-tv/2020-32-inch-hd-tv-ue32t4005akxxc/
72,SM-R190NZKAEUB,https://www.samsung.com/pt/audio-sound/galaxy-buds/galaxy-buds-pro-black-sm-r190nzkaeub/
73,SM-G991BZADEUB,https://www.samsung.com/pt/smartphones/galaxy-s21-5g/buy/?modelCode=SM-G991BZADEUB
74,EF-PG991TJEGWW,https://www.samsung.com/pt/mobile-accessories/galaxy-s21-5g-silicone-cover-light-gray-ef-pg991tjegww/
75,SM-G996BZKDEUB,https://www.samsung.com/pt/smartphones/galaxy-s21-5g/buy/?modelCode=SM-G996BZKDEUB
76,SM-R190NZVAEUB,https://www.samsung.com/pt/audio-sound/galaxy-buds/galaxy-buds-pro-violet-sm-r190nzvaeub/
77,SM-G991BZIGEUB,https://www.samsung.com/pt/smartphones/galaxy-s21-5g/buy/?modelCode=SM-G991BZIGEUB
78,EF-QG991TTEGWW,https://www.samsung.com/pt/smartphones/galaxy-s21-5g/accessories/
79,EI-T5300BBEGEU,https://www.samsung.com/pt/mobile-accessories/galaxy-smarttag-black-ei-t5300bbegeu/
80,EF-JG991CTEGWW,https://www.samsung.com/pt/mobile-accessories/galaxy-s21-5g-clear-standing-cover-transparent-ef-jg991ctegww/
81,EF-GG991CBEGWW,https://www.samsung.com/pt/smartphones/galaxy-s21-5g/accessories/
82,SM-G991BZWGEUB,https://www.samsung.com/pt/smartphones/galaxy-s21-5g/buy/?modelCode=SM-G991BZWGEUB
83,EF-ZG998CBEGEW,https://www.samsung.com/pt/mobile-accessories/galaxy-s21-ultra-5g-smart-clear-view-cover-black-ef-zg998cbegew/
84,EF-ZG998CJEGEW,https://www.samsung.com/pt/mobile-accessories/galaxy-s21-ultra-5g-smart-clear-view-cover-light-gray-ef-zg998cjegew/
85,EF-ZG996CBEGEW,https://www.samsung.com/pt/mobile-accessories/galaxy-s21-5g-smart-clear-view-cover-black-ef-zg996cbegew/
86,EF-QG996TTEGWW,https://www.samsung.com/pt/mobile-accessories/galaxy-s21-5g-clear-cover-transparent-ef-qg996ttegww/
87,EF-JG998CTEGWW,https://www.samsung.com/pt/smartphones/galaxy-s21-ultra-5g/accessories/
88,EF-ZG996CJEGEW,https://www.samsung.com/pt/mobile-accessories/galaxy-s21-5g-smart-clear-view-cover-light-gray-ef-zg996cjegew/
89,EF-PG99PTBEGWW,https://www.samsung.com/pt/smartphones/galaxy-s21-ultra-5g/accessories/
90,EP-TA800NBEGEU,https://www.samsung.com/pt/mobile-accessories/wall-charger-for-super-fast-charging-25w-black-ep-ta800nbegeu/
91,EP-TA800NWEGEU,https://www.samsung.com/pt/mobile-accessories/wall-charger-for-super-fast-charging-25w-white-ep-ta800nwegeu/
92,EP-P1300TWEGEU,https://www.samsung.com/pt/mobile-accessories/wireless-charger-white-ep-p1300twegeu/
93,EF-ZG996CVEGEW,https://www.samsung.com/pt/c/p/EF-ZG996CVEGEW/
94,EF-GG998CWEGWW,https://www.samsung.com/pt/smartphones/galaxy-s21-ultra-5g/accessories/
95,EF-QG998TTEGWW,https://www.samsung.com/pt/smartphones/galaxy-s21-ultra-5g/accessories/
96,EP-P6300TBEGEU,https://www.samsung.com/pt/mobile-accessories/wireless-charger-trio-black-ep-p6300tbegeu/
97,EF-ZG99PCBEGEW,https://www.samsung.com/pt/mobile-accessories/galaxy-s21-ultra-5g-smart-clear-view-cover-ws-pen-black-ef-zg99pcbegew/
98,EF-ZG991CBEGEW,https://www.samsung.com/pt/mobile-accessories/galaxy-s21-5g-smart-clear-view-cover-black-ef-zg991cbegew/
99,WW80T734DBH/S3,https://www.samsung.com/pt/washers-and-dryers/washing-machines/ww7300t-front-loading-8kg-white-ww80t734dbh-s3/
100,WD80TA046BE/EP,https://www.samsung.com/pt/washers-and-dryers/washer-dryer-combo/combo-wd70ta046beef-wd80ta046be-ep/
101,MS23K3515AK/EC,https://www.samsung.com/pt/microwave-ovens/solo/microwave-oven-solo-ms23k3515ak/
102,WW10T734DBH/S3,https://www.samsung.com/pt/washers-and-dryers/washing-machines/front-loading-washer-ww13t734cbhs4-ww10t734dbh-s3/
103,WD80T554DBW/S3,https://www.samsung.com/pt/washers-and-dryers/washer-dryer-combo/front-load-8kg-plus-5kg-white-wd80t554dbw-s3/
104,VC07K41E0VL/EP,https://www.samsung.com/pt/vacuum-cleaners/canister/vc07k41e0vl-aspirador-sem-saco-orange-vc07k41e0vl-ep/
105,DV80TA020TE/EP,https://www.samsung.com/pt/washers-and-dryers/dryers/dv5000t-front-loading-reversible-door-wrinkle-prevent-optimaldry-8kg-white-dv80ta020te-ep/
106,DV70TA000TE/EP,https://www.samsung.com/pt/washers-and-dryers/dryers/dv5000t-front-loading-reversible-door-wrinkle-prevent-optimaldry-7kg-white-dv70ta000te-ep/
107,WD90TA046BE/EP,https://www.samsung.com/pt/washers-and-dryers/washer-dryer-combo/combo-wd70ta046be-wd90ta046be-ep/
108,VS15T7031R1/EP,https://www.samsung.com/pt/vacuum-cleaners/stick/vs9000rl-jet-cyclone-turbo-action-brush-digital-display-mint-vs15t7031r1-ep/
109,SM-A326BZKVEUB,https://www.samsung.com/pt/smartphones/galaxy-a/galaxy-a32-5g-awesome-black-32gb-sm-a326bzkveub/buy/
110,EF-EA525PBEGEW,https://www.samsung.com/pt/mobile-accessories/galaxy-a52--a52-5g-smart-s-view-wallet-cover-black-ef-ea525pbegew/
111,SM-A325FZKGEUB,https://www.samsung.com/pt/smartphones/galaxy-a/galaxy-a32-awesome-black-128gb-sm-a325fzkgeub/buy/
112,LS32AM700URXEN,https://www.samsung.com/pt/monitors/high-resolution/smart-m7-32-inch-uhd-4k-ls32am700urxen/
113,LS32AM500NRXEN,https://www.samsung.com/pt/monitors/flat/smart-m5-32-inch-ls32am500nrxen/
114,QE55QN85AATXXC,https://www.samsung.com/pt/tvs/qled-tv/qn85a-55-inch-neo-qled-4k-smart-tv-qe55qn85aatxxc/
115,QE75QN85AATXXC,https://www.samsung.com/pt/tvs/qled-tv/qn85a-75-inch-neo-qled-4k-smart-tv-qe75qn85aatxxc/
116,QE85QN85AATXXC,https://www.samsung.com/pt/tvs/qled-tv/qn85a-85-inch-neo-qled-4k-smart-tv-qe85qn85aatxxc/
117,QE65QN800ATXXC,https://www.samsung.com/pt/tvs/qled-tv/qn800a-65-inch-neo-qled-8k-smart-tv-qe65qn800atxxc/
118,QE65QN95AATXXC,https://www.samsung.com/pt/tvs/qled-tv/qn95a-65-inch-neo-qled-4k-smart-tv-qe65qn95aatxxc/
119,QE85QN900ATXXC,https://www.samsung.com/pt/tvs/qled-tv/qn900a-85-inch-neo-qled-8k-smart-tv-qe85qn900atxxc/
120,QE65QN85AATXXC,https://www.samsung.com/pt/tvs/qled-tv/qn85a-65-inch-neo-qled-4k-smart-tv-qe65qn85aatxxc/
121,QE75QN800ATXXC,https://www.samsung.com/pt/tvs/qled-tv/qn800a-75-inch-neo-qled-8k-smart-tv-qe75qn800atxxc/
122,QE85QN800ATXXC,https://www.samsung.com/pt/tvs/qled-tv/qn800a-85-inch-neo-qled-8k-smart-tv-qe85qn800atxxc/
123,QE55QN95AATXXC,https://www.samsung.com/pt/tvs/qled-tv/qn95a-55-inch-neo-qled-4k-smart-tv-qe55qn95aatxxc/
124,QE75QN900ATXXC,https://www.samsung.com/pt/tvs/qled-tv/qn900a-75-inch-neo-qled-8k-smart-tv-qe75qn900atxxc/
125,QE75QN95AATXXC,https://www.samsung.com/pt/tvs/qled-tv/qn95a-75-inch-neo-qled-4k-smart-tv-qe75qn95aatxxc/
126,QE65QN900ATXXC,https://www.samsung.com/pt/tvs/qled-tv/qn900a-65-inch-neo-qled-8k-smart-tv-qe65qn900atxxc/
127,WD90TA046BX/EP,https://www.samsung.com/pt/washers-and-dryers/washer-dryer-combo/combo-wd70ta046bx-wd90ta046bx-ep/
128,RB34T672DWW/EF,https://www.samsung.com/pt/refrigerators/bottom-mount-freezer/rb7300t-spacemax-344l-white-rb34t672dww-ef/
129,RB34T671DS9/EF,https://www.samsung.com/pt/refrigerators/bottom-mount-freezer/rb7300t-spacemax-340l-silver-rb34t671ds9-ef/
130,RB38T676CS9/EF,https://www.samsung.com/pt/refrigerators/bottom-mount-freezer/rb7300t-spacemax-385l-silver-rb38t676cs9-ef/
131,MG28F303TAK/EC,https://www.samsung.com/pt/microwave-ovens/grill/microwave-oven-grill/
132,WW10T534DAW/S3,https://www.samsung.com/pt/washers-and-dryers/washing-machines/ww5300t-front-loading-eco-bubble-ai-control-auto-dispense-10-5kg-white-ww10t534daw-s3/
133,RS68A8822S9/EF,https://www.samsung.com/pt/refrigerators/side-by-side/rs8000nc--8-609l-silver-rs68a8822s9-ef/
134,VG-SCFT75BE/XC,https://www.samsung.com/pt/tv-accessories/customizable-bezel-vg-scft75be-xc/
135,VG-SCFT75BL/XC,https://www.samsung.com/pt/tv-accessories/customizable-bezel-vg-scft75bl-xc/
136,VG-SCFT75BW/XC,https://www.samsung.com/pt/tv-accessories/customizable-bezel-vg-scft75bw-xc/
137,VG-SCFT75WT/XC,https://www.samsung.com/pt/tv-accessories/customizable-bezel-vg-scft75wt-xc/
138,VG-SCFT50BE/XC,https://www.samsung.com/pt/tv-accessories/customizable-bezel-vg-scft50be-xc/
139,VG-SCFT32BE/XC,https://www.samsung.com/pt/c/p/VG-SCFT32BE/XC/
140,VG-SCFT43BE/XC,https://www.samsung.com/pt/tv-accessories/customizable-bezel-vg-scft43be-xc/
141,VG-SCFT55BL/XC,https://www.samsung.com/pt/tv-accessories/customizable-bezel-vg-scft55bl-xc/
142,VG-SCFT50BL/XC,https://www.samsung.com/pt/tv-accessories/customizable-bezel-vg-scft50bl-xc/
143,VG-SCFT43BW/XC,https://www.samsung.com/pt/tv-accessories/customizable-frame-vg-scft43bw-xc/
144,VG-SCFT43WT/XC,https://www.samsung.com/pt/tv-accessories/customizable-frame-vg-scft43wt-xc/
145,VG-SCFT55BW/XC,https://www.samsung.com/pt/tv-accessories/customizable-bezel-vg-scft55bw-xc/
146,VG-SCFT32WT/XC,https://www.samsung.com/pt/tv-accessories/the-sero-wheel-vg-scft32wt-xc/
147,VG-SCFT50BW/XC,https://www.samsung.com/pt/tv-accessories/customizable-bezel-vg-scft50bw-xc/
148,VG-SCFT55WT/XC,https://www.samsung.com/pt/tv-accessories/customizable-bezel-vg-scft55wt-xc/
149,VG-SCFT50WT/XC,https://www.samsung.com/pt/tv-accessories/customizable-bezel-vg-scft50wt-xc/
150,VG-SCFT65BL/XC,https://www.samsung.com/pt/tv-accessories/customizable-bezel-vg-scft65bl-xc/
151,VG-SCFT65BE/XC,https://www.samsung.com/pt/tv-accessories/customizable-bezel-vg-scft65be-xc/
152,VG-SCFT65BW/XC,https://www.samsung.com/pt/tv-accessories/customizable-bezel-vg-scft65bw-xc/
153,VG-SCFT65WT/XC,https://www.samsung.com/pt/tv-accessories/customizable-bezel-vg-scft65wt-xc/
154,DV90T5240AN/S3,https://www.samsung.com/pt/washers-and-dryers/dryers/dv5000t-front-loading-ai-control-reversible-door-wrinkle-prevent-9kg-gray-dv90t5240an-s3/
155,LC27G55TQWRXEN,https://www.samsung.com/pt/support/model/LC27G55TQWRXEN/
156,UE55TU7025KXXC,https://www.samsung.com/pt/tvs/uhd-4k-tv/tu7020-55-inch-crystal-uhd-4k-smart-tv-ue55tu7025kxxc/
157,RB36T672CWW/EF,https://www.samsung.com/pt/refrigerators/bottom-mount-freezer/360l-snow-white-rb36t672cww-ef/
158,DV80TA020AX/EP,https://www.samsung.com/pt/washers-and-dryers/dryers/dv5000t-front-loading-reversible-door-wrinkle-prevent-optimaldry-8kg-gray-dv80ta020ax-ep/
159,RS68A8522S9/EF,https://www.samsung.com/pt/refrigerators/side-by-side/rs8000nc--8-634l-silver-rs68a8522s9-ef/
160,RS68A8531SL/EF,https://www.samsung.com/pt/refrigerators/side-by-side/rs8000nc--8-634l-silver-rs68a8531sl-ef/
161,QE65Q80AATXXC,https://www.samsung.com/pt/c/p/QE65Q80AATXXC/
162,RS67A8811S9/EF,https://www.samsung.com/pt/refrigerators/side-by-side/rs8000nc-7-634l-silver-rs67a8811s9-ef/
163,RS68A8821B1/EF,https://www.samsung.com/pt/refrigerators/side-by-side/rs8000nc--8-609l-black-rs68a8821b1-ef/
164,QE75Q80AATXXC,https://www.samsung.com/pt/tvs/qled-tv/q80a-75-inch-qled-4k-smart-tv-qe75q80aatxxc/
165,RS67A8810S9/EF,https://www.samsung.com/pt/refrigerators/side-by-side/rs8000nc-7-609l-silver-rs67a8810s9-ef/
166,QE75Q70AATXXC,https://www.samsung.com/pt/tvs/qled-tv/q70a-75-inch-qled-4k-smart-tv-qe75q70aatxxc/
167,QE65Q70AATXXC,https://www.samsung.com/pt/tvs/qled-tv/q70a-65-inch-qled-4k-smart-tv-qe65q70aatxxc/
168,VS15A6032R5/EP,https://www.samsung.com/pt/vacuum-cleaners/stick/jet60-vs6700-silver-vs15a6032r5-ep/
169,QE50Q60AAUXXC,https://www.samsung.com/pt/tvs/qled-tv/q60a-50-inch-qled-4k-smart-tv-qe50q60aauxxc/
170,QE55Q60AAUXXC,https://www.samsung.com/pt/tvs/qled-tv/q60a-55-inch-qled-4k-smart-tv-qe55q60aauxxc/
171,SM-M127FLBVEUB,https://www.samsung.com/pt/smartphones/galaxy-m/galaxy-m12-blue-64gb-sm-m127flbveub/buy/
172,QE65Q60AAUXXC,https://www.samsung.com/pt/tvs/qled-tv/q60a-65-inch-qled-4k-smart-tv-qe65q60aauxxc/
173,RS6HA8891SL/EF,https://www.samsung.com/pt/refrigerators/side-by-side/rs8000nc-side-by-side-refrigerator-with-family-hub-rs8000nc-side-by-side-refrigerator-with-family-hub-614l-silver-rs6ha8891sl-ef/
174,WF18T8000GW/EP,https://www.samsung.com/pt/washers-and-dryers/washing-machines/wf8000tk-18kg-white-wf18t8000gw-ep/
175,QE75Q60AAUXXC,https://www.samsung.com/pt/tvs/qled-tv/q60a-75-inch-qled-4k-smart-tv-qe75q60aauxxc/
176,QE85Q60AAUXXC,https://www.samsung.com/pt/tvs/qled-tv/q60a-85-inch-qled-4k-smart-tv-qe85q60aauxxc/
177,RT62K7115SL/ES,https://www.samsung.com/pt/refrigerators/top-mount-freezer/rt62k7115sl-frigorfico-com-twin-cooling-plus-618l-618l-silver-rt62k7115sl-es/
178,SM-M127FLBWEUB,https://www.samsung.com/pt/smartphones/galaxy-m/galaxy-m12-blue-128gb-sm-m127flbweub/buy/
179,SM-M127FZGVEUB,https://www.samsung.com/pt/smartphones/galaxy-m/galaxy-m12-green-64gb-sm-m127fzgveub/buy/
180,SM-M127FZGWEUB,https://www.samsung.com/pt/smartphones/galaxy-m/galaxy-m12-green-128gb-sm-m127fzgweub/buy/
181,SM-M127FZKVEUB,https://www.samsung.com/pt/smartphones/galaxy-m/galaxy-m12-black-64gb-sm-m127fzkveub/buy/
182,SM-M127FZKWEUB,https://www.samsung.com/pt/smartphones/galaxy-m/galaxy-m12-black-128gb-sm-m127fzkweub/buy/
183,RS68A8520S9/EF,https://www.samsung.com/pt/refrigerators/side-by-side/rs8000nc--8-609l-silver-rs68a8520s9-ef/
184,RS68A8821S9/EF,https://www.samsung.com/pt/refrigerators/side-by-side/rs8000nc--8-609l-silver-rs68a8821s9-ef/
185,UE43TU7025KXXC,https://www.samsung.com/pt/tvs/uhd-4k-tv/tu7020-43-inch-crystal-uhd-4k-smart-tv-ue43tu7025kxxc/
186,LC27RG50FQRXEN,https://www.samsung.com/pt/monitors/gaming/odyssey-crg5-27-inch-240hz-gsync-curved-lc27rg50fqrxen/
187,QE43Q60AAUXXC,https://www.samsung.com/pt/tvs/qled-tv/q60a-43-inch-qled-4k-smart-tv-qe43q60aauxxc/
188,RB34A6B3D48/EF,https://www.samsung.com/pt/refrigerators/bespoke-refrigerators/rb7300-344l-cloud-blue-rb34a6b3d48-ef/
189,QE55Q80AATXXC,https://www.samsung.com/pt/tvs/qled-tv/q80a-55-inch-qled-4k-smart-tv-qe55q80aatxxc/
190,RB38A6B3DS9/EF,https://www.samsung.com/pt/refrigerators/bespoke-refrigerators/rb7300-390l-silver-rb38a6b3ds9-ef/
191,RB34A6B1DCE/EF,https://www.samsung.com/pt/refrigerators/bespoke-refrigerators/rb7300-344l-clay-beige-rb34a6b1dce-ef/
192,RB38A7B4D41/EF,https://www.samsung.com/pt/refrigerators/bespoke-refrigerators/rb7300-390l-navy-rb38a7b4d41-ef/
193,UE75TU7025KXXC,https://www.samsung.com/pt/tvs/uhd-4k-tv/tu7020-75-inch-crystal-uhd-4k-smart-tv-ue75tu7025kxxc/
194,UE50TU7025KXXC,https://www.samsung.com/pt/tvs/uhd-4k-tv/tu7020-50-inch-crystal-uhd-4k-smart-tv-ue50tu7025kxxc/
195,UE65TU7025KXXC,https://www.samsung.com/pt/tvs/uhd-4k-tv/tu7020-65-inch-crystal-uhd-4k-smart-tv-ue65tu7025kxxc/
196,SM-T870NDBAEUB,https://www.samsung.com/pt/tablets/galaxy-tab-s/galaxy-tab-s7-wi-fi-mystic-navy-128gb-wi-fi-sm-t870ndbaeub/buy/
197,GP-FPM127KDATW,https://www.samsung.com/pt/mobile-accessories/kdlabm-coverm12-ivory-white-gp-fpm127kdatw/
198,GP-FPT505AMAGW,https://www.samsung.com/pt/mobile-accessories/anymode-tab-a7-kids-cover-for-tab-a7-mint-gp-fpt505amagw/
199,EF-QA125TTEGEU,https://www.samsung.com/pt/mobile-accessories/galaxy-a12-soft-clear-cover-transparent-ef-qa125ttegeu/
200,HW-Q950A/ZF,https://www.samsung.com/pt/audio-devices/soundbar/q950a-black-hw-q950a-zf/
201,VS15A6031R4/EP,https://www.samsung.com/pt/vacuum-cleaners/stick/jet60-vs6700-violet-vs15a6031r4-ep/
202,HW-Q600A/ZF,https://www.samsung.com/pt/audio-devices/soundbar/q600a-black-hw-q600a-zf/
203,QE50Q80AATXXC,https://www.samsung.com/pt/tvs/qled-tv/q80a-50-inch-qled-4k-smart-tv-qe50q80aatxxc/
204,HW-T420/ZF,https://www.samsung.com/pt/audio-devices/soundbar/t420-black-hw-t420-zf/
205,QE55Q70AATXXC,https://www.samsung.com/pt/tvs/qled-tv/q70a-55-inch-qled-4k-smart-tv-qe55q70aatxxc/
206,UE75AU7105KXXC,https://www.samsung.com/pt/tvs/uhd-4k-tv/au7000-uhd-4k-smart-tv-2021-75-inch-ue75au7105kxxc/
207,UE43AU7105KXXC,https://www.samsung.com/pt/tvs/uhd-4k-tv/au7000-uhd-4k-smart-tv-2021-43-inch-ue43au7105kxxc/
208,UE58AU7105KXXC,https://www.samsung.com/pt/tvs/uhd-4k-tv/au7000-uhd-4k-smart-tv-2021-85-inch-ue85au7105kxxc/
209,UE50AU7105KXXC,https://www.samsung.com/pt/tvs/uhd-4k-tv/au7000-uhd-4k-smart-tv-2021-50-inch-ue50au7105kxxc/
210,UE65AU7105KXXC,https://www.samsung.com/pt/c/p/UE65AU7105KXXC/
211,UE85AU7105KXXC,https://www.samsung.com/pt/tvs/uhd-4k-tv/au7000-uhd-4k-smart-tv-2021-85-inch-ue85au7105kxxc/
212,UE55AU7105KXXC,https://www.samsung.com/pt/tvs/uhd-4k-tv/au7000-uhd-4k-smart-tv-2021-55-inch-ue55au7105kxxc/
213,SM-T736BZKEEUB,https://www.samsung.com/pt/tablets/galaxy-tab-s/galaxy-tab-s7-fe-5g-black-128gb-sm-t736bzkeeub/buy/
214,SM-T736BZSAEUB,https://www.samsung.com/pt/tablets/galaxy-tab-s/galaxy-tab-s7-fe-5g-silver-64gb-sm-t736bzsaeub/buy/
215,SM-G780GZGDEUB,https://www.samsung.com/pt/smartphones/galaxy-s20/buy/?modelCode=SM-G780GZGDEUB
216,SM-G780GZBDEUB,https://www.samsung.com/pt/smartphones/galaxy-s20/buy/?modelCode=SM-G780GZBDEUB
217,MZ-76P1T0B/EU,https://www.samsung.com/pt/memory-storage/sata-ssd/ssd-860-pro-sata-3-2-5-inch-1tb-mz-76p1t0b-eu/
218,MZ-76P512B/EU,https://www.samsung.com/pt/memory-storage/sata-ssd/ssd-860-pro-sata-3-2-5-inch-512gb-mz-76p512b-eu/
219,UE43AU9005KXXC,https://www.samsung.com/pt/tvs/uhd-4k-tv/smart-4k-crystal-43-inch-ue43au9005kxxc/
220,UE50AU9005KXXC,https://www.samsung.com/pt/tvs/uhd-4k-tv/smart-4k-crystal-50-inch-ue50au9005kxxc/
221,MZ-77Q2T0BW,https://www.samsung.com/pt/memory-storage/sata-ssd/870-qvo-2tb-sata-3-2-5-ssd-mz-77q2t0bw/
222,UE55AU9005KXXC,https://www.samsung.com/pt/tvs/uhd-4k-tv/smart-4k-crystal-55-inch-ue55au9005kxxc/
223,MZ-76P256B/EU,https://www.samsung.com/pt/memory-storage/sata-ssd/ssd-860-pro-sata-3-2-5-inch-256gb-mz-76p256b-eu/
224,MZ-77E500B/EU,https://www.samsung.com/pt/memory-storage/sata-ssd/870-evo-500gb-sata-3-2-5-ssd-mz-77e500b-eu/
225,MZ-77Q4T0BW,https://www.samsung.com/pt/memory-storage/sata-ssd/870-qvo-4tb-sata-3-2-5-ssd-mz-77q4t0bw/
226,MZ-77E2T0B/EU,https://www.samsung.com/pt/memory-storage/sata-ssd/870-evo-2tb-sata-3-2-5-ssd-mz-77e2t0b-eu/
227,MZ-V7P512BW,https://www.samsung.com/pt/memory-storage/nvme-ssd/970-pro-nvme-m-2-ssd-512gb-mz-v7p512bw/
228,UE65AU9005KXXC,https://www.samsung.com/pt/tvs/uhd-4k-tv/smart-4k-crystal-65-inch-ue65au9005kxxc/
229,UE75AU9005KXXC,https://www.samsung.com/pt/tvs/uhd-4k-tv/smart-4k-crystal-75-inch-ue75au9005kxxc/
230,QE50QN90AATXXC,https://www.samsung.com/pt/tvs/qled-tv/qn90a-50-inch-neo-qled-4k-smart-tv-qe50qn90aatxxc/
231,MZ-77E250B/EU,https://www.samsung.com/pt/memory-storage/sata-ssd/870-evo-250gb-sata-3-2-5-ssd-mz-77e250b-eu/
232,LC27G75TQSRXEN,https://www.samsung.com/pt/monitors/gaming/odyssey-g7-27-inch-240hz-1ms-curved-lc27g75tqsrxen/
233,MZ-77E1T0B/EU,https://www.samsung.com/pt/memory-storage/sata-ssd/870-evo-1tb-sata-3-2-5-ssd-mz-77e1t0b-eu/
234,QE50LS03AAUXXC,https://www.samsung.com/pt/lifestyle-tvs/the-frame/ls03a-50-inch-the-frame-art-mode-4k-smart-tv-black-qe50ls03aauxxc/
235,SP-LSP9TFAXXC,https://www.samsung.com/pt/projectors/the-premiere/the-premiere-smart-4k-uhd--ultra-short-throw-triple-laser-projector-lsp9t-sp-lsp9tfaxxc/
236,MZ-77Q1T0BW,https://www.samsung.com/pt/memory-storage/sata-ssd/870-qvo-1tb-sata-3-2-5-ssd-mz-77q1t0bw/
237,MZ-77E4T0B/EU,https://www.samsung.com/pt/memory-storage/sata-ssd/870-evo-4tb-sata-3-2-5-ssd-mz-77e4t0b-eu/
238,MZ-V7P1T0BW,https://www.samsung.com/pt/memory-storage/nvme-ssd/970-pro-nvme-m-2-ssd-1tb-mz-v7p1t0bw/
239,RF65A967FSL/ES,https://www.samsung.com/pt/refrigerators/multi-door/rf9000ac-bsc-fdr-with-beverage-center-647l-silver-rf65a967fsl-es/
240,MZ-V8V500BW,https://www.samsung.com/pt/memory-storage/nvme-ssd/980-500gb-nvme-pcie-gen-3-mz-v8v500bw/
241,MZ-V8V250BW,https://www.samsung.com/pt/memory-storage/nvme-ssd/980-250gb-nvme-pcie-gen-3-mz-v8v250bw/
242,SP-LSP7TFAXXC,https://www.samsung.com/pt/projectors/the-premiere/the-premiere-smart-4k-uhd-ultra-short-throw-laser-projector-lsp7t-sp-lsp7tfaxxc/
243,MU-PC1T0K/WW,https://www.samsung.com/pt/memory-storage/portable-ssd/portable-ssd-t7-touch-1tb-black-mu-pc1t0k-ww/
244,MZ-V8V1T0BW,https://www.samsung.com/pt/memory-storage/nvme-ssd/980-1tb-nvme-pcie-gen-3-mz-v8v1t0bw/
245,MU-PC500K/WW,https://www.samsung.com/pt/memory-storage/portable-ssd/portable-ssd-t7-touch-500gb-black-mu-pc500k-ww/
246,MU-PC2T0K/WW,https://www.samsung.com/pt/memory-storage/portable-ssd/portable-ssd-t7-touch-2tb-black-mu-pc2t0k-ww/
247,QE55QN90AATXXC,https://www.samsung.com/pt/tvs/qled-tv/qn90a-55-inch-neo-qled-4k-smart-tv-qe55qn90aatxxc/
248,QE43LS03AAUXXC,https://www.samsung.com/pt/lifestyle-tvs/the-frame/ls03a-43-inch-the-frame-art-mode-4k-smart-tv-black-qe43ls03aauxxc/
249,QE55LS03AAUXXC,https://www.samsung.com/pt/lifestyle-tvs/the-frame/ls03a-55-inch-the-frame-art-mode-4k-smart-tv-black-qe55ls03aauxxc/
250,QE65LS03AAUXXC,https://www.samsung.com/pt/lifestyle-tvs/the-frame/ls03a-65-inch-the-frame-art-mode-4k-smart-tv-black-qe65ls03aauxxc/
251,QE75LS03AAUXXC,https://www.samsung.com/pt/c/p/QE75LS03AAUXXC/
252,QE65QN90AATXXC,https://www.samsung.com/pt/tvs/qled-tv/qn90a-65-inch-neo-qled-4k-smart-tv-qe65qn90aatxxc/
253,LC49G95TSSRXEN,https://www.samsung.com/pt/monitors/gaming/odyssey-g9-49-inch-240hz-1ms-curved-lc49g95tssrxen/
254,SM-T225NZAAEUB,https://www.samsung.com/pt/tablets/galaxy-tab-a/galaxy-tab-a7-lite-lte-gray-32gb-sm-t225nzaaeub/buy/
255,SM-T220NZAAEUB,https://www.samsung.com/pt/tablets/galaxy-tab-a/galaxy-tab-a7-lite-gray-32gb-sm-t220nzaaeub/buy/
256,SM-T220NZSAEUB,https://www.samsung.com/pt/tablets/galaxy-tab-a/galaxy-tab-a7-lite-silver-32gb-sm-t220nzsaeub/buy/
257,LS32A700NWUXEN,https://www.samsung.com/pt/monitors/high-resolution/s70a-32-32-inch-uhd-4k-ls32a700nwuxen/
258,LC34G55TWWRXEN,https://www.samsung.com/pt/monitors/gaming/odyssey-g5-34-inch-165hz-curved-ultra-wqhd-lc34g55twwrxen/
259,LS34A650UXUXEN,https://www.samsung.com/pt/monitors/high-resolution/s65ua-34-inch-ls34a650uxuxen/
260,LS27A600UUUXEN,https://www.samsung.com/pt/monitors/high-resolution/s60ua-27-27-inch-ips-uhd-4k-ls27a600uuuxen/
261,LS32AM501NUXEN,https://www.samsung.com/pt/monitors/flat/smart-m5-32-inch-smart-tv-apps-white-ls32am501nuxen/
262,LS27A600NWUXEN,https://www.samsung.com/pt/monitors/high-resolution/s60a-27-27-inch-ips-uhd-4k-ls27a600nwuxen/
263,LS27AM501NUXEN,https://www.samsung.com/pt/monitors/flat/smart-m5-27-inch-smart-tv-apps-white-ls27am501nuxen/
264,QE55LST7TCUXXC,https://www.samsung.com/pt/lifestyle-tvs/the-terrace/the-terrace-55-inch-4k-outdoor-tv-lst7t-black-qe55lst7tcuxxc/
265,QE65LST7TCUXXC,https://www.samsung.com/pt/lifestyle-tvs/the-terrace/the-terrace-65-inch-4k-outdoor-tv-lst7t-black-qe65lst7tcuxxc/
266,QE75LST7TCUXXC,https://www.samsung.com/pt/lifestyle-tvs/the-terrace/the-terrace-75-inch-4k-outdoor-tv-lst7t-black-qe75lst7tcuxxc/
267,SM-A225FZKGEUB,https://www.samsung.com/pt/smartphones/galaxy-a/galaxy-a22-black-128gb-sm-a225fzkgeub/buy/
268,SM-A225FZWGEUB,https://www.samsung.com/pt/smartphones/galaxy-a/galaxy-a22-white-128gb-sm-a225fzwgeub/buy/
269,QE32LS03TCUXXC,https://www.samsung.com/pt/lifestyle-tvs/the-frame/the-frame-32-inch-4k-smart-tv-ls05t-black-qe32ls03tcuxxc/
270,SM-A226BLVVEUB,https://www.samsung.com/pt/smartphones/galaxy-a/galaxy-a22-5g-violet-128gb-sm-a226blvveub/buy/
271,SM-A226BZAUEUB,https://www.samsung.com/pt/smartphones/galaxy-a/galaxy-a22-5g-gray-64gb-sm-a226bzaueub/buy/
272,SM-A226BZAVEUB,https://www.samsung.com/pt/smartphones/galaxy-a/galaxy-a22-5g-gray-128gb-sm-a226bzaveub/buy/
273,SM-A226BZWUEUB,https://www.samsung.com/pt/smartphones/galaxy-a/galaxy-a22-5g-white-64gb-sm-a226bzwueub/buy/
274,SM-F926BZGGEUB,https://www.samsung.com/pt/smartphones/galaxy-z-fold3-5g/buy/?modelCode=SM-F926BZGGEUB
275,SM-F926BZKDEUB,https://www.samsung.com/pt/smartphones/galaxy-z-fold3-5g/buy/?modelCode=SM-F926BZKDEUB
276,SM-F926BZKGEUB,https://www.samsung.com/pt/smartphones/galaxy-z-fold3-5g/buy/?modelCode=SM-F926BZKGEUB
277,SM-F926BZSDEUB,https://www.samsung.com/pt/smartphones/galaxy-z-fold3-5g/buy/?modelCode=SM-F926BZSDEUB
278,SM-R885FZKAPHE,https://www.samsung.com/pt/watches/galaxy-watch/galaxy-watch4-classic-black-4g-sm-r885fzkaphe/buy/
279,SM-R885FZSAPHE,https://www.samsung.com/pt/watches/galaxy-watch/galaxy-watch4-classic-silver-4g-sm-r885fzsaphe/buy/
280,SM-F926BZSGEUB,https://www.samsung.com/pt/smartphones/galaxy-z-fold3-5g/buy/?modelCode=SM-F926BZSGEUB
281,SM-R890NZKAPHE,https://www.samsung.com/pt/watches/galaxy-watch/galaxy-watch4-classic-black-bluetooth-sm-r890nzkaphe/buy/
282,SM-R890NZSAPHE,https://www.samsung.com/pt/watches/galaxy-watch/galaxy-watch4-classic-silver-bluetooth-sm-r890nzsaphe/buy/
283,SM-R880NZKAPHE,https://www.samsung.com/pt/watches/galaxy-watch/galaxy-watch4-classic-black-bluetooth-sm-r880nzkaphe/buy/
284,SM-R880NZSAPHE,https://www.samsung.com/pt/watches/galaxy-watch/galaxy-watch4-classic-silver-bluetooth-sm-r880nzsaphe/buy/
285,SM-R865FZDAPHE,https://www.samsung.com/pt/watches/galaxy-watch/galaxy-watch4-pink-gold-4g-sm-r865fzdaphe/buy/
286,SM-R865FZKAPHE,https://www.samsung.com/pt/watches/galaxy-watch/galaxy-watch4-black-4g-sm-r865fzkaphe/buy/
287,SM-R865FZSAPHE,https://www.samsung.com/pt/watches/galaxy-watch/galaxy-watch4-silver-4g-sm-r865fzsaphe/buy/
288,SM-R870NZGAPHE,https://www.samsung.com/pt/watches/galaxy-watch/galaxy-watch4-green-bluetooth-sm-r870nzgaphe/buy/
289,SM-R870NZKAPHE,https://www.samsung.com/pt/watches/galaxy-watch/galaxy-watch4-black-bluetooth-sm-r870nzkaphe/buy/
290,SM-R870NZSAPHE,https://www.samsung.com/pt/watches/galaxy-watch/galaxy-watch4-silver-bluetooth-sm-r870nzsaphe/buy/
291,SM-R875FZKAPHE,https://www.samsung.com/pt/watches/galaxy-watch/galaxy-watch4-black-4g-sm-r875fzkaphe/buy/
292,SM-R875FZSAPHE,https://www.samsung.com/pt/watches/galaxy-watch/galaxy-watch4-silver-4g-sm-r875fzsaphe/buy/
293,EF-FF92PCBEGEW,https://www.samsung.com/pt/smartphones/galaxy-z-fold3-5g/accessories/
294,SM-R177NLVAPHE,https://www.samsung.com/pt/audio-sound/galaxy-buds/galaxy-buds2-lavender-sm-r177nlvaphe/
295,SM-R177NZGAPHE,https://www.samsung.com/pt/audio-sound/galaxy-buds/galaxy-buds2-olive-sm-r177nzgaphe/
296,SM-R177NZKAPHE,https://www.samsung.com/pt/audio-sound/galaxy-buds/galaxy-buds2-graphite-sm-r177nzkaphe/
297,SM-R177NZWAPHE,https://www.samsung.com/pt/audio-sound/galaxy-buds/galaxy-buds2-white-sm-r177nzwaphe/
298,EF-FF926LAEGWW,https://www.samsung.com/pt/smartphones/galaxy-z-fold3-5g/accessories/
299,EF-FF926LBEGWW,https://www.samsung.com/pt/smartphones/galaxy-z-fold3-5g/accessories/
300,EF-PF926TBEGWW,https://www.samsung.com/pt/smartphones/galaxy-z-fold3-5g/accessories/
301,EF-PF926TGEGWW,https://www.samsung.com/pt/smartphones/galaxy-z-fold3-5g/accessories/
302,EF-PF926TWEGWW,https://www.samsung.com/pt/smartphones/galaxy-z-fold3-5g/accessories/
303,EF-VF926LAEGWW,https://www.samsung.com/pt/smartphones/galaxy-z-fold3-5g/accessories/
304,EF-VF711LBEGWW,https://www.samsung.com/pt/smartphones/galaxy-z-flip3-5g/accessories/
305,EF-PF711TNEGWW,https://www.samsung.com/pt/smartphones/galaxy-z-flip3-5g/accessories/
306,EF-VF926LBEGWW,https://www.samsung.com/pt/smartphones/galaxy-z-fold3-5g/accessories/
307,EF-PF711TPEGWW,https://www.samsung.com/pt/smartphones/galaxy-z-flip3-5g/accessories/
308,EF-VF711LGEGWW,https://www.samsung.com/pt/smartphones/galaxy-z-flip3-5g/accessories/
309,EF-VF926LGEGWW,https://www.samsung.com/pt/smartphones/galaxy-z-fold3-5g/accessories/
310,EF-VF711LYEGWW,https://www.samsung.com/pt/smartphones/galaxy-z-flip3-5g/accessories/
311,EF-XF711SBEGWW,https://www.samsung.com/pt/smartphones/galaxy-z-flip3-5g/accessories/
312,EF-XF926SBEGWW,https://www.samsung.com/pt/smartphones/galaxy-z-fold3-5g/accessories/
313,ET-SHR89LBEGEU,https://www.samsung.com/pt/watches/galaxy-watch/galaxy-watch4-black-bluetooth-sm-r870nzkaphe/
314,ET-SFR86SBEGEU,https://www.samsung.com/pt/watches/galaxy-watch/galaxy-watch4-black-bluetooth-sm-r860nzkaphe/
315,ET-SHR89LGEGEU,https://www.samsung.com/pt/watches/galaxy-watch/galaxy-watch4-black-bluetooth-sm-r870nzkaphe/
316,ET-SHR89LNEGEU,https://www.samsung.com/pt/c/p/ET-SHR89LNEGEU/
317,ET-SFR86SGEGEU,https://www.samsung.com/pt/watches/galaxy-watch/galaxy-watch4-black-bluetooth-sm-r860nzkaphe/
318,ET-SHR89LREGEU,https://www.samsung.com/pt/watches/galaxy-watch/galaxy-watch4-black-bluetooth-sm-r870nzkaphe/
319,ET-SHR89LSEGEU,https://www.samsung.com/pt/watches/galaxy-watch/galaxy-watch4-black-bluetooth-sm-r870nzkaphe/
320,ET-SFR86SNEGEU,https://www.samsung.com/pt/watches/galaxy-watch/galaxy-watch4-black-bluetooth-sm-r860nzkaphe/
321,ET-SFR87LBEGEU,https://www.samsung.com/pt/watches/galaxy-watch/galaxy-watch4-black-bluetooth-sm-r870nzkaphe/
322,ET-SHR89LYEGEU,https://www.samsung.com/pt/watches/galaxy-watch/galaxy-watch4-black-bluetooth-sm-r870nzkaphe/
323,ET-SFR86SREGEU,https://www.samsung.com/pt/watches/galaxy-watch/galaxy-watch4-black-bluetooth-sm-r860nzkaphe/
324,ET-SFR87LGEGEU,https://www.samsung.com/pt/watches/galaxy-watch/galaxy-watch4-black-bluetooth-sm-r870nzkaphe/
325,ET-SFR86SSEGEU,https://www.samsung.com/pt/watches/galaxy-watch/galaxy-watch4-black-bluetooth-sm-r860nzkaphe/
326,ET-SFR87LMEGEU,https://www.samsung.com/pt/watches/galaxy-watch/galaxy-watch4-black-bluetooth-sm-r870nzkaphe/
327,ET-SFR86SYEGEU,https://www.samsung.com/pt/watches/galaxy-watch/galaxy-watch4-black-bluetooth-sm-r860nzkaphe/
328,ET-SFR87LNEGEU,https://www.samsung.com/pt/watches/galaxy-watch/galaxy-watch4-black-bluetooth-sm-r870nzkaphe/
329,ET-SFR87LREGEU,https://www.samsung.com/pt/watches/galaxy-watch/galaxy-watch4-black-bluetooth-sm-r870nzkaphe/
330,ET-SFR87LSEGEU,https://www.samsung.com/pt/watches/galaxy-watch/galaxy-watch4-black-bluetooth-sm-r870nzkaphe/
331,SM-R860NZKAPHE,https://www.samsung.com/pt/watches/galaxy-watch/galaxy-watch4-black-bluetooth-sm-r860nzkaphe/buy/
332,ET-SFR87LYEGEU,https://www.samsung.com/pt/watches/galaxy-watch/galaxy-watch4-black-bluetooth-sm-r870nzkaphe/
333,EI-T7300BLEGEU,https://www.samsung.com/pt/mobile-accessories/galaxy-smarttag-plus-denim-blue-ei-t7300blegeu/
334,SM-R860NZDAPHE,https://www.samsung.com/pt/watches/galaxy-watch/galaxy-watch4-pink-gold-bluetooth-sm-r860nzdaphe/buy/
335,EF-QF711CTEGWW,https://www.samsung.com/pt/smartphones/galaxy-z-flip3-5g/accessories/
336,SM-F711BLIBEUB,https://www.samsung.com/pt/smartphones/galaxy-z-flip3-5g/buy/?modelCode=SM-F711BLIBEUB
337,SM-F711BZAFEUB,https://www.samsung.com/pt/smartphones/galaxy-z-flip3-5g/buy/?modelCode=SM-F711BZAFEUB
338,SM-F711BZABEUB,https://www.samsung.com/pt/smartphones/galaxy-z-flip3-5g/buy/?modelCode=SM-F711BZABEUB
339,SM-F711BZWFEUB,https://www.samsung.com/pt/smartphones/galaxy-z-flip3-5g/buy/?modelCode=SM-F711BZWFEUB
340,SM-R895FZKAPHE,https://www.samsung.com/pt/watches/galaxy-watch/galaxy-watch4-classic-black-4g-sm-r895fzkaphe/buy/
341,SM-R895FZSAPHE,https://www.samsung.com/pt/watches/galaxy-watch/galaxy-watch4-classic-silver-4g-sm-r895fzsaphe/buy/
342,SM-F711BLIFEUB,https://www.samsung.com/pt/smartphones/galaxy-z-flip3-5g/buy/?modelCode=SM-F711BLIFEUB
343,EF-GF711TNEGWW,https://www.samsung.com/pt/smartphones/galaxy-z-flip3-5g/accessories/
344,ET-SHR88SAEGEU,https://www.samsung.com/pt/watches/galaxy-watch/galaxy-watch4-black-bluetooth-sm-r860nzkaphe/
345,ET-SHR88SBEGEU,https://www.samsung.com/pt/watches/galaxy-watch/galaxy-watch4-black-bluetooth-sm-r860nzkaphe/
346,ET-SHR88SNEGEU,https://www.samsung.com/pt/watches/galaxy-watch/galaxy-watch4-black-bluetooth-sm-r860nzkaphe/
347,ET-SHR88SREGEU,https://www.samsung.com/pt/watches/galaxy-watch/galaxy-watch4-black-bluetooth-sm-r860nzkaphe/
348,ET-SHR88SSEGEU,https://www.samsung.com/pt/watches/galaxy-watch/galaxy-watch4-black-bluetooth-sm-r860nzkaphe/
349,SM-F711BZWBEUB,https://www.samsung.com/pt/smartphones/galaxy-z-flip3-5g/buy/?modelCode=SM-F711BZWBEUB
350,ET-SHR88SYEGEU,https://www.samsung.com/pt/watches/galaxy-watch/galaxy-watch4-black-bluetooth-sm-r860nzkaphe/
351,ET-SHR88SGEGEU,https://www.samsung.com/pt/watches/galaxy-watch/galaxy-watch4-black-bluetooth-sm-r860nzkaphe/
352,SM-R860NZSAPHE,https://www.samsung.com/pt/watches/galaxy-watch/galaxy-watch4-silver-bluetooth-sm-r860nzsaphe/buy/
353,EF-GF711TWEGWW,https://www.samsung.com/pt/smartphones/galaxy-z-flip3-5g/accessories/
354,EF-FF92KKBEGEW,https://www.samsung.com/pt/smartphones/galaxy-z-fold3-5g/accessories/
355,ET-SHR89LWEGEU,https://www.samsung.com/pt/watches/galaxy-watch/galaxy-watch4-black-bluetooth-sm-r870nzkaphe/
356,ET-SFR86SWEGEU,https://www.samsung.com/pt/watches/galaxy-watch/galaxy-watch4-black-bluetooth-sm-r860nzkaphe/
357,ET-SFR87LPEGEU,https://www.samsung.com/pt/watches/galaxy-watch/galaxy-watch4-black-bluetooth-sm-r870nzkaphe/
358,EJ-PF926BBEGEU,https://www.samsung.com/pt/smartphones/galaxy-z-fold3-5g/accessories/
359,ET-SXR86SBEGEU,https://www.samsung.com/pt/watches/galaxy-watch/galaxy-watch4-black-bluetooth-sm-r860nzkaphe/
360,ET-SFR86SPEGEU,https://www.samsung.com/pt/watches/galaxy-watch/galaxy-watch4-black-bluetooth-sm-r860nzkaphe/
361,ET-SXR86SNEGEU,https://www.samsung.com/pt/watches/galaxy-watch/galaxy-watch4-black-bluetooth-sm-r860nzkaphe/
362,ET-SXR86SPEGEU,https://www.samsung.com/pt/watches/galaxy-watch/galaxy-watch4-black-bluetooth-sm-r860nzkaphe/
363,ET-SXR86SWEGEU,https://www.samsung.com/pt/watches/galaxy-watch/galaxy-watch4-black-bluetooth-sm-r860nzkaphe/
364,ET-SFR88SBEGEU,https://www.samsung.com/pt/watches/galaxy-watch/galaxy-watch4-classic-black-bluetooth-sm-r880nzkaphe/
365,ET-SFR88SGEGEU,https://www.samsung.com/pt/watches/galaxy-watch/galaxy-watch4-classic-black-bluetooth-sm-r880nzkaphe/
366,ET-SFR89LBEGEU,https://www.samsung.com/pt/watches/galaxy-watch/galaxy-watch4-classic-black-bluetooth-sm-r890nzkaphe/
367,ET-SFR88SNEGEU,https://www.samsung.com/pt/watches/galaxy-watch/galaxy-watch4-classic-black-bluetooth-sm-r880nzkaphe/
368,ET-SFR88SSEGEU,https://www.samsung.com/pt/watches/galaxy-watch/galaxy-watch4-classic-black-bluetooth-sm-r880nzkaphe/
369,ET-SFR89LGEGEU,https://www.samsung.com/pt/watches/galaxy-watch/galaxy-watch4-classic-black-bluetooth-sm-r890nzkaphe/
370,ET-SXR87LBEGEU,https://www.samsung.com/pt/watches/galaxy-watch/galaxy-watch4-black-bluetooth-sm-r870nzkaphe/
371,ET-SFR88SWEGEU,https://www.samsung.com/pt/watches/galaxy-watch/galaxy-watch4-classic-black-bluetooth-sm-r880nzkaphe/
372,ET-SFR89LNEGEU,https://www.samsung.com/pt/watches/galaxy-watch/galaxy-watch4-classic-black-bluetooth-sm-r890nzkaphe/
373,ET-SFR89LSEGEU,https://www.samsung.com/pt/watches/galaxy-watch/galaxy-watch4-classic-black-bluetooth-sm-r890nzkaphe/
374,ET-SXR87LNEGEU,https://www.samsung.com/pt/watches/galaxy-watch/galaxy-watch4-black-bluetooth-sm-r870nzkaphe/
375,ET-SFR89LWEGEU,https://www.samsung.com/pt/watches/galaxy-watch/galaxy-watch4-classic-black-bluetooth-sm-r890nzkaphe/
376,ET-SXR87LPEGEU,https://www.samsung.com/pt/watches/galaxy-watch/galaxy-watch4-black-bluetooth-sm-r870nzkaphe/
377,ET-SHR89LPEGEU,https://www.samsung.com/pt/watches/galaxy-watch/galaxy-watch4-black-bluetooth-sm-r870nzkaphe/
378,ET-SXR87LWEGEU,https://www.samsung.com/pt/watches/galaxy-watch/galaxy-watch4-black-bluetooth-sm-r870nzkaphe/
379,ET-SHR88SWEGEU,https://www.samsung.com/pt/watches/galaxy-watch/galaxy-watch4-black-bluetooth-sm-r860nzkaphe/
380,ET-SFR87LWEGEU,https://www.samsung.com/pt/watches/galaxy-watch/galaxy-watch4-black-bluetooth-sm-r870nzkaphe/
381,SM-M325FLBGEUB,https://www.samsung.com/pt/smartphones/galaxy-m/galaxy-m32-blue-128gb-sm-m325flbgeub/buy/
382,SM-M325FZWGEUB,https://www.samsung.com/pt/smartphones/galaxy-m/galaxy-m32-white-128gb-sm-m325fzwgeub/buy/
383,GP-TYR870SAABW,https://www.samsung.com/pt/mobile-accessories/milanese-band-galaxy-watch4-black-gp-tyr870saabw/
384,GP-TYR870SAASW,https://www.samsung.com/pt/mobile-accessories/milanese-band-galaxy-watch4-silver-gp-tyr870saasw/
385,GP-TYR860SAABW,https://www.samsung.com/pt/mobile-accessories/milanese-band-galaxy-watch4-black-gp-tyr860saabw/
386,GP-TYR860SAASW,https://www.samsung.com/pt/mobile-accessories/milanese-band-galaxy-watch4-silver-gp-tyr860saasw/
387,EF-DT630BBPGPT,https://www.samsung.com/pt/mobile-accessories/galaxy-tab-s7-11-in-book-cover-keyboard-slim-black-ef-dt630bbpgpt/
388,EF-DT730BBPGPT,https://www.samsung.com/pt/mobile-accessories/galaxy-tab-s7-fe-book-cover-keyboard-slim-black-ef-dt730bbpgpt/
389,SM-T733NLGAEUB,https://www.samsung.com/pt/tablets/galaxy-tab-s/galaxy-tab-s7-fe-green-64gb-sm-t733nlgaeub/buy/
390,SM-T733NLGEEUB,https://www.samsung.com/pt/tablets/galaxy-tab-s/galaxy-tab-s7-fe-green-128gb-sm-t733nlgeeub/buy/
391,SM-T733NLIAEUB,https://www.samsung.com/pt/tablets/galaxy-tab-s/galaxy-tab-s7-fe-pink-64gb-sm-t733nliaeub/buy/
392,SM-T733NZKAEUB,https://www.samsung.com/pt/tablets/galaxy-tab-s/galaxy-tab-s7-fe-black-64gb-sm-t733nzkaeub/buy/
393,SM-T733NZKEEUB,https://www.samsung.com/pt/tablets/galaxy-tab-s/galaxy-tab-s7-fe-black-128gb-sm-t733nzkeeub/buy/
394,SM-T733NZSAEUB,https://www.samsung.com/pt/tablets/galaxy-tab-s/galaxy-tab-s7-fe-silver-64gb-sm-t733nzsaeub/buy/
395,SM-T733NZSEEUB,https://www.samsung.com/pt/tablets/galaxy-tab-s/galaxy-tab-s7-fe-silver-128gb-sm-t733nzseeub/buy/
396,LS27AG500NUXEN,https://www.samsung.com/pt/monitors/gaming/odyssey-g50a-27-inch-ips---165hz-1ms-ls27ag500nuxen/
397,LS24AG300NUXEN,https://www.samsung.com/pt/monitors/gaming/odyssey-g30a-24-inch-144hz---freesync-ls24ag300nuxen/
398,LS27AG300NUXEN,https://www.samsung.com/pt/monitors/gaming/odyssey-g30a-27-inch-144hz---freesync-ls27ag300nuxen/
399,LS49A950UIUXEN,https://www.samsung.com/pt/monitors/high-resolution/s95ua-49-inch-dqhd-curved-ls49a950uiuxen/
400,LS27A800UJUXEN,https://www.samsung.com/pt/monitors/high-resolution/s80ua-27-inch-ips-uhd-4k-ls27a800ujuxen/
401,LS24A600UCUXEN,https://www.samsung.com/pt/monitors/high-resolution/s60ua-24-24-inch-ips-uhd-4k-ls24a600ucuxen/
402,LS32A600UUUXEN,https://www.samsung.com/pt/monitors/high-resolution/s60ua-32-32-inch-uhd-4k-usb-c-ls32a600uuuxen/
403,SM-M225FLBGEUB,https://www.samsung.com/pt/smartphones/galaxy-m/galaxy-m22-blue-128gb-sm-m225flbgeub/buy/
404,SM-M225FZKGEUB,https://www.samsung.com/pt/smartphones/galaxy-m/galaxy-m22-black-128gb-sm-m225fzkgeub/buy/
405,SM-M225FZWGEUB,https://www.samsung.com/pt/smartphones/galaxy-m/galaxy-m22-white-128gb-sm-m225fzwgeub/buy/
406,GP-FPM225KDABW,https://www.samsung.com/pt/mobile-accessories/kdlab-m-cover-galaxy-m22-amber-brown-gp-fpm225kdabw/
407,GP-FPM325KDABW,https://www.samsung.com/pt/mobile-accessories/kdlab-m-cover-galaxy-m32-amber-brown-gp-fpm325kdabw/
408,SM-M526BLBDEUB,https://www.samsung.com/pt/smartphones/galaxy-m/galaxy-m52-5g-black-128gb-sm-m526bzkdeub/buy/
409,SM-M526BZKDEUB,https://www.samsung.com/pt/smartphones/galaxy-m/galaxy-m52-5g-black-128gb-sm-m526bzkdeub/buy/
410,SM-M526BZWDEUB,https://www.samsung.com/pt/smartphones/galaxy-m/galaxy-m52-5g-black-128gb-sm-m526bzkdeub/buy/
411,WD12T504DWW/S3,https://www.samsung.com/pt/washers-and-dryers/washer-dryer-combo/wd5100t-front-loading-ai-control-air-wash-drum-clean-12kg-white-wd12t504dww-s3/
412,SM-M526BLBGEUB,https://www.samsung.com/pt/smartphones/galaxy-m/?modelCode=SM-M526BLBGEUB
413,SM-M526BZWGEUB,https://www.samsung.com/pt/smartphones/galaxy-m/?modelCode=SM-M526BZWGEUB
414,SM-F711BZKBEUB,https://www.samsung.com/pt/smartphones/galaxy-z-flip3-5g/buy/?modelCode=SM-F711BZKBEUB
415,SM-F711BZEBEUB,https://www.samsung.com/pt/smartphones/galaxy-z-flip3-5g/buy/?modelCode=SM-F711BZEBEUB
416,SM-F711BZGBEUB,https://www.samsung.com/pt/smartphones/galaxy-z-flip3-5g/buy/?modelCode=SM-F711BZGBEUB
417,SM-F711BZKFEUB,https://www.samsung.com/pt/smartphones/galaxy-z-flip3-5g/buy/?modelCode=SM-F711BZKFEUB
418,SM-F711BZEFEUB,https://www.samsung.com/pt/smartphones/galaxy-z-flip3-5g/buy/?modelCode=SM-F711BZEFEUB
419,SM-F711BZGFEUB,https://www.samsung.com/pt/smartphones/galaxy-z-flip3-5g/buy/?modelCode=SM-F711BZGFEUB
420,SM-F711BLVFEUB,https://www.samsung.com/pt/smartphones/galaxy-z-flip3-5g/buy/?modelCode=SM-F711BLVFEUB
421,WMN750M/XC,https://www.samsung.com/pt/tv-accessories/mini-wall-mount-wmn750m-xc/
422,VG-SCFA43BWBXC,https://www.samsung.com/pt/tv-accessories/customizable-frame-vg-scfa-vg-scfa43bwbxc/
423,VG-SCFA43TKBXC,https://www.samsung.com/pt/tv-accessories/customizable-frame-vg-scfa-vg-scfa43tkbxc/
424,VG-SCFA43WTBXC,https://www.samsung.com/pt/tv-accessories/customizable-frame-vg-scfa-vg-scfa43wtbxc/
425,VG-SCFA50BWBXC,https://www.samsung.com/pt/tv-accessories/customizable-frame-vg-scfa-vg-scfa50bwbxc/
426,VG-SCFA50TKBXC,https://www.samsung.com/pt/tv-accessories/customizable-frame-vg-scfa-vg-scfa50tkbxc/
427,VG-SCFA50WTBXC,https://www.samsung.com/pt/tv-accessories/customizable-frame-vg-scfa-vg-scfa50wtbxc/
428,VG-SCFA55BWBXC,https://www.samsung.com/pt/tv-accessories/customizable-frame-vg-scfa-vg-scfa55bwbxc/
429,VG-SCFA55TKBXC,https://www.samsung.com/pt/tv-accessories/customizable-frame-vg-scfa-vg-scfa55tkbxc/
430,VG-SCFA55TRCXC,https://www.samsung.com/pt/tv-accessories/customizable-frame-vg-scfa-vg-scfa55trcxc/
431,VG-SCFA55WTBXC,https://www.samsung.com/pt/tv-accessories/customizable-frame-vg-scfa-vg-scfa55wtbxc/
432,VG-SCFA55WTCXC,https://www.samsung.com/pt/c/p/VG-SCFA55WTCXC/
433,VG-SCFA65TKBXC,https://www.samsung.com/pt/tv-accessories/customizable-frame-vg-scfa-vg-scfa65tkbxc/
434,VG-SCFA65TRCXC,https://www.samsung.com/pt/tv-accessories/customizable-frame-vg-scfa-vg-scfa65trcxc/
435,VG-SCFA65WTBXC,https://www.samsung.com/pt/tv-accessories/customizable-frame-vg-scfa-vg-scfa65wtbxc/
436,VG-SCFA65WTCXC,https://www.samsung.com/pt/tv-accessories/customizable-frame-vg-scfa-vg-scfa65wtcxc/
437,VG-SCFA75BWBXC,https://www.samsung.com/pt/tv-accessories/customizable-frame-vg-scfa-vg-scfa75bwbxc/
438,VG-SCFA75TKBXC,https://www.samsung.com/pt/tv-accessories/customizable-frame-vg-scfa-vg-scfa75tkbxc/
439,VG-SCFA75WTBXC,https://www.samsung.com/pt/tv-accessories/customizable-frame-vg-scfa-vg-scfa75wtbxc/
440,WMN4070TT/XC,https://www.samsung.com/pt/tv-accessories/the-terrace-wall-mount-wmn4070tt-xc/
441,WMN-A50EB/XC,https://www.samsung.com/pt/tv-accessories/slim-fit-wall-mount-wmn-a50eb-xc/
442,VG-SESA11K/XC,https://www.samsung.com/pt/c/p/VG-SESA11K/XC/
443,SM-A528BZKCEUB,https://www.samsung.com/pt/smartphones/galaxy-a/galaxy-a52s-5g/buy/?modelCode=SM-A528BZKCEUB
444,SM-A528BLVCEUB,https://www.samsung.com/pt/smartphones/galaxy-a/galaxy-a52s-5g/buy/?modelCode=SM-A528BLVCEUB
445,VCA-VP54T,https://www.samsung.com/pt/vacuum-cleaners/vca-vp54t-vca-vp54t/
446,VCA-SBTA60,https://www.samsung.com/pt/vacuum-cleaners/vs9000-battery-vca-sbta60/
447,VCA-SBT90E,https://www.samsung.com/pt/vacuum-cleaners/vacuum-cleaner-battery-vca-sbt90e/
448,MB-MD128KA/EU,https://www.samsung.com/pt/memory-storage/memory-card/pro-plus-128gb-microsd-card-2021-mb-md128ka-eu/
449,MB-MD256KA/EU,https://www.samsung.com/pt/memory-storage/memory-card/pro-plus-256gb-microsd-card-2021-mb-md256ka-eu/
450,MB-MD512KA/EU,https://www.samsung.com/pt/memory-storage/memory-card/pro-plus-512gb-microsd-card-2021-mb-md512ka-eu/
451,QE55QN750ATXXC,https://www.samsung.com/pt/tvs/qled-tv/qn700a-55-inch-neo-qled-8k-smart-tv-qe55qn750atxxc/
452,QE65QN750ATXXC,https://www.samsung.com/pt/tvs/qled-tv/qn700a-65-inch-neo-qled-8k-smart-tv-qe65qn750atxxc/
453,MB-MC128KA/EU,https://www.samsung.com/pt/memory-storage/memory-card/evo-plus-128gb-microsd-card-2021-mb-mc128ka-eu/
454,MB-MC256KA/EU,https://www.samsung.com/pt/memory-storage/memory-card/evo-plus-256gb-microsd-card-2021-mb-mc256ka-eu/
455,MB-MC512KA/EU,https://www.samsung.com/pt/memory-storage/memory-card/evo-plus-512gb-microsd-card-2021-mb-mc512ka-eu/
456,MB-MC64KA/EU,https://www.samsung.com/pt/memory-storage/memory-card/evo-plus-64gb-microsd-card-2021-mb-mc64ka-eu/
457,MU-PA1T0B/EU,https://www.samsung.com/pt/memory-storage/portable-ssd/portable-ssd-t5-1tb-black-mu-pa1t0b-eu/
458,EF-GG990TNEGWW,https://www.samsung.com/pt/smartphones/galaxy-s21-5g/accessories/
459,EF-GG990TWEGWW,https://www.samsung.com/pt/smartphones/galaxy-s21-5g/accessories/
460,EF-JG990CTEGWW,https://www.samsung.com/pt/smartphones/galaxy-s21-5g/accessories/
461,EF-PG990TBEGWW,https://www.samsung.com/pt/smartphones/galaxy-s21-5g/accessories/
462,EF-PG990TMEGWW,https://www.samsung.com/pt/smartphones/galaxy-s21-5g/accessories/
463,EF-PG990TPEGWW,https://www.samsung.com/pt/smartphones/galaxy-s21-5g/accessories/
464,EF-PG990TVEGWW,https://www.samsung.com/pt/smartphones/galaxy-s21-5g/accessories/
465,EF-PG990TWEGWW,https://www.samsung.com/pt/smartphones/galaxy-s21-5g/accessories/
466,EF-XG990CBEGWW,https://www.samsung.com/pt/smartphones/galaxy-s21-5g/accessories/
467,EF-XG990CMEGWW,https://www.samsung.com/pt/smartphones/galaxy-s21-5g/accessories/
468,EF-XG990CVEGWW,https://www.samsung.com/pt/smartphones/galaxy-s21-5g/accessories/
469,EF-XG990CWEGWW,https://www.samsung.com/pt/smartphones/galaxy-s21-5g/accessories/
470,EF-ZG990CBEGEW,https://www.samsung.com/pt/smartphones/galaxy-s21-5g/accessories/
471,EF-ZG990CMEGEW,https://www.samsung.com/pt/smartphones/galaxy-s21-5g/accessories/
472,EF-ZG990CVEGEW,https://www.samsung.com/pt/smartphones/galaxy-s21-5g/accessories/
473,EF-ZG990CWEGEW,https://www.samsung.com/pt/smartphones/galaxy-s21-5g/accessories/
474,SM-G990BLGDEUB,https://www.samsung.com/pt/smartphones/galaxy-s21-5g/galaxy-s21-fe-5g/buy/?modelCode=SM-G990BLGDEUB
475,SM-G990BLVDEUB,https://www.samsung.com/pt/smartphones/galaxy-s21-5g/galaxy-s21-fe-5g/buy/?modelCode=SM-G990BLVDEUB
476,SM-G990BZADEUB,https://www.samsung.com/pt/smartphones/galaxy-s21-5g/galaxy-s21-fe-5g/buy/?modelCode=SM-G990BZADEUB
477,SM-G990BZAGEUB,https://www.samsung.com/pt/smartphones/galaxy-s21-5g/galaxy-s21-fe-5g/buy/?modelCode=SM-G990BZAGEUB
478,SM-G990BZWDEUB,https://www.samsung.com/pt/smartphones/galaxy-s21-5g/galaxy-s21-fe-5g/buy/?modelCode=SM-G990BZWDEUB
479,SM-G990BZWGEUB,https://www.samsung.com/pt/smartphones/galaxy-s21-5g/galaxy-s21-fe-5g/buy/?modelCode=SM-G990BZWGEUB
480,EF-QG990CTEGWW,https://www.samsung.com/pt/smartphones/galaxy-s21-5g/accessories/
481,SM-X200NIDAEUB,https://www.samsung.com/pt/tablets/galaxy-tab-a/galaxy-tab-a8-wifi-pink-gold-32gb-sm-x200nidaeub/buy/
482,SM-X200NIDEEUB,https://www.samsung.com/pt/tablets/galaxy-tab-a/galaxy-tab-a8-wifi-pink-gold-64gb-sm-x200nideeub/buy/
483,SM-X200NIDFEUB,https://www.samsung.com/pt/tablets/galaxy-tab-a/galaxy-tab-a8-wifi-pink-gold-128gb-sm-x200nidfeub/buy/
484,SM-X200NZAAEUB,https://www.samsung.com/pt/tablets/galaxy-tab-a/galaxy-tab-a8-wifi-dark-gray-32gb-sm-x200nzaaeub/buy/
485,SM-X200NZAEEUB,https://www.samsung.com/pt/tablets/galaxy-tab-a/galaxy-tab-a8-wifi-dark-gray-64gb-sm-x200nzaeeub/buy/
486,SM-X200NZAFEUB,https://www.samsung.com/pt/tablets/galaxy-tab-a/galaxy-tab-a8-wifi-dark-gray-128gb-sm-x200nzafeub/buy/
487,SM-X200NZSAEUB,https://www.samsung.com/pt/common/404/
488,SM-X200NZSEEUB,https://www.samsung.com/pt/tablets/galaxy-tab-a/galaxy-tab-a8-wifi-silver-64gb-sm-x200nzseeub/buy/
489,SM-X200NZSFEUB,https://www.samsung.com/pt/tablets/galaxy-tab-a/galaxy-tab-a8-wifi-silver-128gb-sm-x200nzsfeub/buy/
490,SM-X205NZAAEUB,https://www.samsung.com/pt/tablets/galaxy-tab-a/galaxy-tab-a8-lte-dark-gray-32gb-sm-x205nzaaeub/buy/
491,SM-X205NZAEEUB,https://www.samsung.com/pt/tablets/galaxy-tab-a/galaxy-tab-a8-lte-dark-gray-64gb-sm-x205nzaeeub/buy/
492,SM-X205NZAFEUB,https://www.samsung.com/pt/tablets/galaxy-tab-a/galaxy-tab-a8-lte-dark-gray-128gb-sm-x205nzafeub/buy/
493,SM-X205NZSAEUB,https://www.samsung.com/pt/tablets/galaxy-tab-a/galaxy-tab-a8-lte-silver-32gb-sm-x205nzsaeub/buy/
494,SM-X205NZSEEUB,https://www.samsung.com/pt/tablets/galaxy-tab-a/galaxy-tab-a8-lte-silver-64gb-sm-x205nzseeub/buy/
495,SM-X205NZSFEUB,https://www.samsung.com/pt/tablets/galaxy-tab-a/galaxy-tab-a8-lte-silver-128gb-sm-x205nzsfeub/buy/
496,EF-BX200PJEGWW,https://www.samsung.com/pt/mobile-accessories/galaxy-tab-a8-book-cover-dark-gray-ef-bx200pjegww/
497,SP-LSP3BLAXXE,https://www.samsung.com/pt/projectors/the-freestyle/the-freestyle-sp-lsp3blaxxe/
498,VG-SCLA00G/XC,https://www.samsung.com/pt/tv-accessories/the-freestyle-case-vg-scla00g-xc/
499,SM-S908BDRDEUB,https://www.samsung.com/pt/smartphones/galaxy-s22-ultra/buy/?modelCode=SM-S908BDRDEUB
500,SM-S908BDRGEUB,https://www.samsung.com/pt/smartphones/galaxy-s22-ultra/buy/?modelCode=SM-S908BDRGEUB
501,SM-S908BDRHEUB,https://www.samsung.com/pt/smartphones/galaxy-s22-ultra/buy/?modelCode=SM-S908BDRHEUB
502,SM-S908BLBDEUB,https://www.samsung.com/pt/smartphones/galaxy-s22-ultra/buy/?modelCode=SM-S908BLBDEUB
503,SM-S908BLBGEUB,https://www.samsung.com/pt/smartphones/galaxy-s22-ultra/buy/?modelCode=SM-S908BLBGEUB
504,SM-S908BLBHEUB,https://www.samsung.com/pt/smartphones/galaxy-s22-ultra/buy/?modelCode=SM-S908BLBHEUB
505,SM-S908BZADEUB,https://www.samsung.com/pt/smartphones/galaxy-s22-ultra/buy/?modelCode=SM-S908BZADEUB
506,SM-S908BZAGEUB,https://www.samsung.com/pt/smartphones/galaxy-s22-ultra/buy/?modelCode=SM-S908BZAGEUB
507,SM-S908BZAHEUB,https://www.samsung.com/pt/smartphones/galaxy-s22-ultra/buy/?modelCode=SM-S908BZAHEUB
508,SM-S908BZGHEUB,https://www.samsung.com/pt/smartphones/galaxy-s22-ultra/buy/?modelCode=SM-S908BZGHEUB
509,SM-S908BZKDEUB,https://www.samsung.com/pt/smartphones/galaxy-s22-ultra/buy/?modelCode=SM-S908BZKDEUB
510,SM-S908BZKGEUB,https://www.samsung.com/pt/smartphones/galaxy-s22-ultra/buy/?modelCode=SM-S908BZKGEUB
511,SM-S908BZKHEUB,https://www.samsung.com/pt/smartphones/galaxy-s22-ultra/buy/?modelCode=SM-S908BZKHEUB
512,SM-S908BZRDEUB,https://www.samsung.com/pt/smartphones/galaxy-s22-ultra/buy/?modelCode=SM-S908BZRDEUB
513,SM-S908BZRGEUB,https://www.samsung.com/pt/smartphones/galaxy-s22-ultra/buy/?modelCode=SM-S908BZRGEUB
514,SM-S908BZRHEUB,https://www.samsung.com/pt/smartphones/galaxy-s22-ultra/buy/?modelCode=SM-S908BZRHEUB
515,SM-S908BZWDEUB,https://www.samsung.com/pt/smartphones/galaxy-s22-ultra/buy/?modelCode=SM-S908BZWDEUB
516,SM-S906BIDDEUB,https://www.samsung.com/pt/smartphones/galaxy-s22/buy/?modelCode=SM-S906BIDDEUB
517,SM-S906BIDGEUB,https://www.samsung.com/pt/smartphones/galaxy-s22/buy/?modelCode=SM-S906BIDGEUB
518,SM-S906BLBDEUB,https://www.samsung.com/pt/smartphones/galaxy-s22/buy/?modelCode=SM-S906BLBDEUB
519,SM-S906BLBGEUB,https://www.samsung.com/pt/smartphones/galaxy-s22/buy/?modelCode=SM-S906BLBGEUB
520,SM-S906BZADEUB,https://www.samsung.com/pt/smartphones/galaxy-s22/buy/?modelCode=SM-S906BZADEUB
521,SM-S906BZAGEUB,https://www.samsung.com/pt/smartphones/galaxy-s22/buy/?modelCode=SM-S906BZAGEUB
522,SM-S906BZEDEUB,https://www.samsung.com/pt/smartphones/galaxy-s22/buy/?modelCode=SM-S906BZEDEUB
523,SM-S906BZEGEUB,https://www.samsung.com/pt/smartphones/galaxy-s22/buy/?modelCode=SM-S906BZEGEUB
524,SM-S906BZGDEUB,https://www.samsung.com/pt/smartphones/galaxy-s22/buy/?modelCode=SM-S906BZGDEUB
525,SM-S906BZGGEUB,https://www.samsung.com/pt/smartphones/galaxy-s22/buy/?modelCode=SM-S906BZGGEUB
526,SM-S906BZKDEUB,https://www.samsung.com/pt/smartphones/galaxy-s22/buy/?modelCode=SM-S906BZKDEUB
527,SM-S906BZKGEUB,https://www.samsung.com/pt/smartphones/galaxy-s22/buy/?modelCode=SM-S906BZKGEUB
528,SM-S906BZVDEUB,https://www.samsung.com/pt/smartphones/galaxy-s22/buy/?modelCode=SM-S906BZVDEUB
529,SM-S906BZVGEUB,https://www.samsung.com/pt/smartphones/galaxy-s22/buy/?modelCode=SM-S906BZVGEUB
530,SM-S906BZWDEUB,https://www.samsung.com/pt/smartphones/galaxy-s22/buy/?modelCode=SM-S906BZWDEUB
531,SM-S906BZWGEUB,https://www.samsung.com/pt/smartphones/galaxy-s22/buy/?modelCode=SM-S906BZWGEUB
532,SM-S901BIDDEUB,https://www.samsung.com/pt/smartphones/galaxy-s22/buy/?modelCode=SM-S901BIDDEUB
533,SM-S901BIDGEUB,https://www.samsung.com/pt/smartphones/galaxy-s22/buy/?modelCode=SM-S901BIDGEUB
534,SM-S901BLBDEUB,https://www.samsung.com/pt/smartphones/galaxy-s22/buy/?modelCode=SM-S901BLBDEUB
535,SM-S901BLBGEUB,https://www.samsung.com/pt/smartphones/galaxy-s22/buy/?modelCode=SM-S901BLBGEUB
536,SM-S901BZADEUB,https://www.samsung.com/pt/smartphones/galaxy-s22/buy/?modelCode=SM-S901BZADEUB
537,SM-S901BZAGEUB,https://www.samsung.com/pt/smartphones/galaxy-s22/buy/?modelCode=SM-S901BZAGEUB
538,SM-S901BZEDEUB,https://www.samsung.com/pt/smartphones/galaxy-s22/buy/?modelCode=SM-S901BZEDEUB
539,SM-S901BZEGEUB,https://www.samsung.com/pt/smartphones/galaxy-s22/buy/?modelCode=SM-S901BZEGEUB
540,SM-S901BZGDEUB,https://www.samsung.com/pt/smartphones/galaxy-s22/buy/?modelCode=SM-S901BZGDEUB
541,SM-S901BZGGEUB,https://www.samsung.com/pt/smartphones/galaxy-s22/buy/?modelCode=SM-S901BZGGEUB
542,SM-S901BZKDEUB,https://www.samsung.com/pt/smartphones/galaxy-s22/buy/?modelCode=SM-S901BZKDEUB
543,SM-S901BZKGEUB,https://www.samsung.com/pt/smartphones/galaxy-s22/buy/?modelCode=SM-S901BZKGEUB
544,SM-S901BZVDEUB,https://www.samsung.com/pt/smartphones/galaxy-s22/buy/?modelCode=SM-S901BZVDEUB
545,SM-S901BZVGEUB,https://www.samsung.com/pt/smartphones/galaxy-s22/buy/?modelCode=SM-S901BZVGEUB
546,SM-S901BZWDEUB,https://www.samsung.com/pt/smartphones/galaxy-s22/buy/?modelCode=SM-S901BZWDEUB
547,SM-S901BZWGEUB,https://www.samsung.com/pt/smartphones/galaxy-s22/buy/?modelCode=SM-S901BZWGEUB
548,SM-X700NIDAEUB,https://www.samsung.com/pt/tablets/galaxy-tab-s/galaxy-tab-s8-wi-fi-pink-gold-128gb-sm-x700nidaeub/buy/
549,SM-X700NZAAEUB,https://www.samsung.com/pt/tablets/galaxy-tab-s/galaxy-tab-s8-wi-fi-graphite-128gb-sm-x700nzaaeub/buy/
550,SM-X700NZABEUB,https://www.samsung.com/pt/tablets/galaxy-tab-s/galaxy-tab-s8-wi-fi-graphite-256gb-sm-x700nzabeub/buy/
551,SM-X700NZSAEUB,https://www.samsung.com/pt/tablets/galaxy-tab-s/galaxy-tab-s8-wi-fi-silver-128gb-sm-x700nzsaeub/buy/
552,SM-X706BZAAEUB,https://www.samsung.com/pt/tablets/galaxy-tab-s/galaxy-tab-s8-5g-graphite-128gb-sm-x706bzaaeub/buy/
553,SM-X706BZABEUB,https://www.samsung.com/pt/tablets/galaxy-tab-s/galaxy-tab-s8-5g-graphite-256gb-sm-x706bzabeub/buy/
554,SM-X800NIDAEUB,https://www.samsung.com/pt/tablets/galaxy-tab-s/galaxy-tab-s8-plus-wi-fi-pink-gold-128gb-sm-x800nidaeub/buy/
555,SM-X800NZAAEUB,https://www.samsung.com/pt/tablets/galaxy-tab-s/galaxy-tab-s8-plus-wi-fi-graphite-128gb-sm-x800nzaaeub/buy/
556,SM-X800NZSAEUB,https://www.samsung.com/pt/tablets/galaxy-tab-s/galaxy-tab-s8-plus-wi-fi-silver-128gb-sm-x800nzsaeub/buy/
557,SM-X800NZSBEUB,https://www.samsung.com/pt/tablets/galaxy-tab-s/galaxy-tab-s8-plus-wi-fi-silver-256gb-sm-x800nzsbeub/buy/
558,SM-X806BZAAEUB,https://www.samsung.com/pt/tablets/galaxy-tab-s/galaxy-tab-s8-plus-5g-graphite-128gb-sm-x806bzaaeub/buy/
559,SM-X806BZABEUB,https://www.samsung.com/pt/tablets/galaxy-tab-s/galaxy-tab-s8-plus-5g-graphite-256gb-sm-x806bzabeub/buy/
560,SM-X900NZAAEUB,https://www.samsung.com/pt/tablets/galaxy-tab-s/galaxy-tab-s8-ultra-wi-fi-graphite-128gb-sm-x900nzaaeub/buy/
561,SM-X900NZAEEUB,https://www.samsung.com/pt/tablets/galaxy-tab-s/galaxy-tab-s8-ultra-wi-fi-graphite-256gb-sm-x900nzaeeub/buy/
562,SM-X900NZAFEUB,https://www.samsung.com/pt/tablets/galaxy-tab-s/galaxy-tab-s8-ultra-wi-fi-graphite-512gb-sm-x900nzafeub/buy/
563,SM-X906BZAAEUB,https://www.samsung.com/pt/tablets/galaxy-tab-s/galaxy-tab-s8-ultra-5g-graphite-128gb-sm-x906bzaaeub/buy/
564,SM-X906BZAEEUB,https://www.samsung.com/pt/tablets/galaxy-tab-s/galaxy-tab-s8-ultra-5g-graphite-256gb-sm-x906bzaeeub/buy/
565,EF-QS908CTEGWW,https://www.samsung.com/pt/smartphones/galaxy-s22-ultra/accessories/
566,EF-JS908CTEGWW,https://www.samsung.com/pt/smartphones/galaxy-s22-ultra/accessories/
567,EF-VS908LBEGWW,https://www.samsung.com/pt/smartphones/galaxy-s22-ultra/accessories/
568,EF-VS908LEEGWW,https://www.samsung.com/pt/smartphones/galaxy-s22-ultra/accessories/
569,EF-VS908LJEGWW,https://www.samsung.com/pt/smartphones/galaxy-s22-ultra/accessories/
570,EF-PS908TBEGWW,https://www.samsung.com/pt/smartphones/galaxy-s22-ultra/accessories/
571,EF-PS908TEEGWW,https://www.samsung.com/pt/smartphones/galaxy-s22-ultra/accessories/
572,EF-PS908TMEGWW,https://www.samsung.com/pt/smartphones/galaxy-s22-ultra/accessories/
573,EF-PS908TVEGWW,https://www.samsung.com/pt/smartphones/galaxy-s22-ultra/accessories/
574,EF-GS908TNEGWW,https://www.samsung.com/pt/smartphones/galaxy-s22/accessories/
575,EF-GS908TWEGWW,https://www.samsung.com/pt/smartphones/galaxy-s22/accessories/
576,EF-ZS908CBEGEW,https://www.samsung.com/pt/smartphones/galaxy-s22-ultra/accessories/
577,EF-ZS908CWEGEW,https://www.samsung.com/pt/smartphones/galaxy-s22-ultra/accessories/
578,EF-NS908PBEGEW,https://www.samsung.com/pt/smartphones/galaxy-s22-ultra/accessories/
579,EF-NS908PJEGEW,https://www.samsung.com/pt/smartphones/galaxy-s22-ultra/accessories/
580,EF-QS906CTEGWW,https://www.samsung.com/pt/smartphones/galaxy-s22/accessories/
581,EF-JS906CTEGWW,https://www.samsung.com/pt/smartphones/galaxy-s22/accessories/
582,EF-MS906CTEGWW,https://www.samsung.com/pt/smartphones/galaxy-s22/accessories/
583,EF-MS906CWEGWW,https://www.samsung.com/pt/smartphones/galaxy-s22/accessories/
584,EF-VS906LBEGWW,https://www.samsung.com/pt/smartphones/galaxy-s22/accessories/
585,EF-VS906LGEGWW,https://www.samsung.com/pt/smartphones/galaxy-s22/accessories/
586,EF-VS906LJEGWW,https://www.samsung.com/pt/smartphones/galaxy-s22/accessories/
587,EF-PS906TBEGWW,https://www.samsung.com/pt/smartphones/galaxy-s22/accessories/
588,EF-PS906TGEGWW,https://www.samsung.com/pt/smartphones/galaxy-s22/accessories/
589,EF-PS906TLEGWW,https://www.samsung.com/pt/smartphones/galaxy-s22/accessories/
590,EF-PS906TPEGWW,https://www.samsung.com/pt/smartphones/galaxy-s22/accessories/
591,EF-PS906TYEGWW,https://www.samsung.com/pt/smartphones/galaxy-s22/accessories/
592,EF-GS906TNEGWW,https://www.samsung.com/pt/smartphones/galaxy-s22/accessories/
593,EF-GS906TWEGWW,https://www.samsung.com/pt/smartphones/galaxy-s22/accessories/
594,EF-ZS906CBEGEW,https://www.samsung.com/pt/smartphones/galaxy-s22/accessories/
595,EF-ZS906CWEGEW,https://www.samsung.com/pt/smartphones/galaxy-s22/accessories/
596,EF-NS906PBEGEW,https://www.samsung.com/pt/smartphones/galaxy-s22/accessories/
597,EF-NS906PJEGEW,https://www.samsung.com/pt/smartphones/galaxy-s22/accessories/
598,EF-QS901CTEGWW,https://www.samsung.com/pt/smartphones/galaxy-s22/accessories/
599,EF-JS901CTEGWW,https://www.samsung.com/pt/smartphones/galaxy-s22/accessories/
600,EF-MS901CNEGWW,https://www.samsung.com/pt/smartphones/galaxy-s22/accessories/
601,EF-MS901CTEGWW,https://www.samsung.com/pt/smartphones/galaxy-s22/accessories/
602,EF-MS901CWEGWW,https://www.samsung.com/pt/smartphones/galaxy-s22/accessories/
603,EF-VS901LBEGWW,https://www.samsung.com/pt/smartphones/galaxy-s22/accessories/
604,EF-VS901LGEGWW,https://www.samsung.com/pt/smartphones/galaxy-s22/accessories/
605,EF-VS901LJEGWW,https://www.samsung.com/pt/smartphones/galaxy-s22/accessories/
606,EF-PS901TBEGWW,https://www.samsung.com/pt/smartphones/galaxy-s22/accessories/
607,EF-PS901TGEGWW,https://www.samsung.com/pt/smartphones/galaxy-s22/accessories/
608,EF-PS901TLEGWW,https://www.samsung.com/pt/smartphones/galaxy-s22/accessories/
609,EF-PS901TPEGWW,https://www.samsung.com/pt/smartphones/galaxy-s22/accessories/
610,EF-PS901TYEGWW,https://www.samsung.com/pt/smartphones/galaxy-s22/accessories/
611,EF-GS901TNEGWW,https://www.samsung.com/pt/smartphones/galaxy-s22/accessories/
612,EF-GS901TWEGWW,https://www.samsung.com/pt/smartphones/galaxy-s22/accessories/
613,EF-ZS901CBEGEW,https://www.samsung.com/pt/smartphones/galaxy-s22/accessories/
614,EF-ZS901CWEGEW,https://www.samsung.com/pt/smartphones/galaxy-s22/accessories/
615,EF-NS901PJEGEW,https://www.samsung.com/pt/smartphones/galaxy-s22/accessories/
616,EJ-PS908BBEGEU,https://www.samsung.com/pt/smartphones/galaxy-s22-ultra/accessories/
617,EJ-PS908BGEGEU,https://www.samsung.com/pt/smartphones/galaxy-s22-ultra/accessories/
618,EJ-PS908BQEGEU,https://www.samsung.com/pt/smartphones/galaxy-s22-ultra/accessories/
619,EJ-PS908BWEGEU,https://www.samsung.com/pt/smartphones/galaxy-s22-ultra/accessories/
620,EF-BX900PBEGEU,https://www.samsung.com/pt/mobile-accessories/galaxy-tab-s8-ultra-book-cover-black-ef-bx900pbegeu/
621,EF-BT730PBEGEU,https://www.samsung.com/pt/mobile-accessories/galaxy-tab-s7-fe-book-cover-black-ef-bt730pbegeu/
622,EF-BT730PJEGEU,https://www.samsung.com/pt/mobile-accessories/galaxy-tab-s7-fe-book-cover-light-gray-ef-bt730pjegeu/
623,EF-RX800CBEGWW,https://www.samsung.com/pt/tablets/galaxy-tab-s/galaxy-tab-s8-plus-wi-fi-graphite-128gb-sm-x800nzaaeub/
624,EF-BT630PBEGEU,https://www.samsung.com/pt/mobile-accessories/galaxy-tab-s7-11-in-book-cover-black-ef-bt630pbegeu/
625,EF-BT630PJEGEU,https://www.samsung.com/pt/mobile-accessories/galaxy-tab-s7-11-in-book-cover-light-gray-ef-bt630pjegeu/
626,EF-RX700CBEGWW,https://www.samsung.com/pt/tablets/galaxy-tab-s/galaxy-tab-s8-wi-fi-graphite-128gb-sm-x700nzaaeub/
627,EP-P2400TBEGEU,https://www.samsung.com/pt/smartphones/galaxy-s22/accessories/
628,EP-P2400TWEGEU,https://www.samsung.com/pt/smartphones/galaxy-s22/accessories/
629,EP-P5400TBEGEU,https://www.samsung.com/pt/smartphones/galaxy-s22/accessories/
630,EP-P5400TWEGEU,https://www.samsung.com/pt/smartphones/galaxy-s22/accessories/
631,BRB26602EWW/EF,https://www.samsung.com/pt/refrigerators/built-in-bottom-mount-freezer/brb6000-all-around-cooling-267l-white-brb26602eww-ef/
632,WW12T504DTW/S3,https://www.samsung.com/pt/washers-and-dryers/washing-machines/ww5300t-front-loading-eco-bubble-ai-control-12kg-white-ww12t504dtw-s3/
633,LC24RG50FZRXEN,https://shop.samsung.com/pt/Products/Monitors/Monitores-Gaming/Monitor-Curvo-Gaming-27%22/p/LC24RG50FZRXEN
634,VG-SCFA43BEBXC,https://www.samsung.com/pt/tv-accessories/customizable-frame-vg-scfa-vg-scfa43bebxc/
635,VG-SCFA55BEBXC,https://www.samsung.com/pt/tv-accessories/customizable-frame-vg-scfa-vg-scfa55bebxc/
636,EF-RA536CNEGWW,Error getting the final link
637,EF-RA536CWEGWW,Error getting the final link
638,ET-FA536TTEGWW,Error getting the final link
