Id,Link
DW60M5050FS/EC,https://shop.samsung.com/pt/Comom/WM-%3A-WashingMachine/DW60M5050FS-M%C3%A1quina-de-Labar-Loi%C3%A7a-A%2B/p/DW60M5050FS/EC
DW60M6040FS/EC,https://shop.samsung.com/pt/Comom/WM-%3A-WashingMachine/DW60M6040FS-M%C3%A1quina-de-Lavar-Loi%C3%A7a-A%2B/p/DW60M6040FS/EC
HAF-CIN/EXP,https://shop.samsung.com/pt/Products/Accessories/Appliance-Accessories/Filtro-HAF-CIN-EXP/p/HAF-CIN/EXP
HAFEX/EXP,https://shop.samsung.com/pt/Products/Accessories/Appliance-Accessories//p/HAFEX/EXP
HAFIN2/EXP,https://shop.samsung.com/pt/Products/Accessories/Appliance-Accessories//p/HAFIN2/EXP
MS23K3513AW/EC,https://shop.samsung.com/pt/Comom/MWO-%3A-MicroWaveOven/MS23K3513AW-Micro-Ondas-Simples-com-Cer%C3%A2mica-Enamel%2C-23L/p/MS23K3513AW/EC
RL4363FBASL/EF,https://shop.samsung.com/pt/Comom/REF-%3A-Refrigerator/RL4363FBASL-Combinado-com-Dispensador-de-%C3%81gua%2C-458-L%2C-F/p/RL4363FBASL/EF
RT29K5030S8/ES,https://shop.samsung.com/pt/Comom/REF-%3A-Refrigerator/RT29K5030S8-com-Twin-Cooling-Plus%E2%84%A2%2C-299-L/p/RT29K5030S8/ES
RT32K5030WW/ES,https://shop.samsung.com/pt/Comom/REF-%3A-Refrigerator/RT32K5030WW-com-Twin-Cooling-Plus%E2%84%A2%2C-321-L/p/RT32K5030WW/ES
RT38K5530S8/ES,https://shop.samsung.com/pt/Comom/REF-%3A-Refrigerator/RT38K5530S8-com-Twin-Cooling-Plus%E2%84%A2%2C-384-L/p/RT38K5530S8/ES
RT29K5030WW/ES,https://shop.samsung.com/pt/Comom/REF-%3A-Refrigerator/RT29K5030WW-com-Twin-Cooling-Plus%E2%84%A2%2C-300-L/p/RT29K5030WW/ES
RT32K5030S8/ES,https://shop.samsung.com/pt/Comom/REF-%3A-Refrigerator/RT32K5030S8-com-Twin-Cooling-Plus%E2%84%A2%2C-320-L/p/RT32K5030S8/ES
VG-SGSM11S/XC,https://shop.samsung.com/pt/Comom/CTV-%3A-Color-TV/Tower-Stand/p/VG-SGSM11S/XC
WMN-M15EA/XC,https://shop.samsung.com/pt/Products/TV/TV-ACESSORIES//p/WMN-M15EA/XC
VCC45W0S36/XEP,https://shop.samsung.com/pt/Comom/VC-%3A-VacuumCleaner/VCC45W0S36-Aspirador-sem-Saco/p/VCC45W0S36/XEP
DW60M6040FW/EC,https://shop.samsung.com/pt/Comom/WM-%3A-WashingMachine/DW60M6040FW-M%C3%A1quina-de-Lavar-Loi%C3%A7a-A%2B%2B/p/DW60M6040FW/EC
MG23K3515AS/EC,https://shop.samsung.com/pt/Comom/MWO-%3A-MicroWaveOven/MG23K3515AS-Micro-ondas-com-Grill%2C-23L/p/MG23K3515AS/EC
RT50K6335S9/ES,https://shop.samsung.com/pt/Comom/REF-%3A-Refrigerator/RT50K6335S9-Frigor%C3%ADfico-com-Twin-Cooling-Plus%E2%84%A2%2C-504L/p/RT50K6335S9/ES
VG-SCFM65WM/XC,https://shop.samsung.com/pt/Products/Accessories/TV-Accessories/Moldura-The-Frame-Branca-65%22/p/VG-SCFM65WM/XC
VG-SCFN65BM/XC,https://shop.samsung.com/pt/Products/Accessories/TV-Accessories/Moldura-The-Frame-Preta-65%22/p/VG-SCFN65BM/XC
VG-SCFN65DP/XC,https://shop.samsung.com/pt/Products/Accessories/TV-Accessories/Moldura-The-Frame-Castanha-65%27%27/p/VG-SCFN65DP/XC
RZ32M7115S9/ES,https://shop.samsung.com/pt/Comom/REF-%3A-Refrigerator/RZ32M7115S9-Frigor%C3%ADfico-1-Porta-No-Frost%2C-323-L%2C-F/p/RZ32M7115S9/ES
WMN-M20EA/XC,https://shop.samsung.com/pt/Products/Accessories/TV-Accessories/Suporte-de-Parede-%E2%80%9CNo-Gap%E2%80%9D/p/WMN-M20EA/XC
RR39M7145S9/ES,https://shop.samsung.com/pt/Comom/REF-%3A-Refrigerator/RR39M7145S9-Frigor%C3%ADfico-1-Porta-No-Frost%2C-387-L%2C-E/p/RR39M7145S9/ES
VC07M25F0WP/EP,https://shop.samsung.com/pt/Comom/VC-%3A-VacuumCleaner/VC07M25F0WP-Aspirador-com-Saco/p/VC07M25F0WP/EP
DW60R7050FS/EC,https://shop.samsung.com/pt/Comom/WM-%3A-WashingMachine/DW60R7050FS-M%C3%A1quina-de-Lavar-Loi%C3%A7a-D/p/DW60R7050FS/EC
DW60R7040FW/EC,https://shop.samsung.com/pt/Comom/WM-%3A-WashingMachine/DW60R7040FW-M%C3%A1quina-de-Lavar-Loi%C3%A7a-D/p/DW60R7040FW/EC
SM-P610NZAAPHE,https://shop.samsung.com/pt/Telecom/Mobile-Phone/Galaxy-Tab-S6-Lite-%28Wi-Fi%29/p/SM-P610NZAAPHE
EF-BP610PLEGEU,https://shop.samsung.com/pt/Products/Accessories/Tablet-Access%C3%B3rios/Capa-Book-Galaxy-Tab-S6-Lite/p/EF-BP610PLEGEU
SM-P615NZAEPHE,https://shop.samsung.com/pt/Products/Tablets/Galaxy-Tab-S-Series/Galaxy-Tab-S6-Lite-%284G%29/p/SM-P615NZAEPHE
SM-P610NZAEPHE,https://shop.samsung.com/pt/Telecom/Mobile-Phone/Galaxy-Tab-S6-Lite-%28Wi-Fi%29/p/SM-P610NZAEPHE
SM-P615NZBAPHE,https://shop.samsung.com/pt/Products/Tablets/Galaxy-Tab-S-Series/Galaxy-Tab-S6-Lite-%284G%29/p/SM-P615NZBAPHE
SM-P610NZBAPHE,https://shop.samsung.com/pt/Telecom/Mobile-Phone/Galaxy-Tab-S6-Lite-%28Wi-Fi%29/p/SM-P610NZBAPHE
NV75K5571RS/EC,https://shop.samsung.com/pt/Comom/MWO-%3A-MicroWaveOven/NV75K5571RS-Forno-Pirol%C3%ADtico-Dual-Cook%2C-75L/p/NV75K5571RS/EC
NZ64R3747BK/UR,https://shop.samsung.com/pt/Products/Home-Appliances/Encastre/NZ64R3747BK-Placa-de-indu%C3%A7%C3%A3o%2C-Flex-Zone/p/NZ64R3747BK/UR
DW60M6050BB/EO,https://shop.samsung.com/pt/Comom/WM-%3A-WashingMachine/DW60M6050BB-M%C3%A1quina-de-Lavar-Loi%C3%A7a-de-Encastre-E/p/DW60M6050BB/EO
MG22M8074CT/EC,https://shop.samsung.com/pt/Comom/MWO-%3A-MicroWaveOven/MG22M8074CT-Micro-ondas-Grill-de-Encastre%2C-22L/p/MG22M8074CT/EC
NV75N5671RS/EC,https://shop.samsung.com/pt/Products/Home-Appliances/Encastre/NV75N5671RS-Forno-Pirol%C3%ADtico-Dual-Cook-Flex%2C-75L/p/NV75N5671RS/EC
NK36M5060SS/UR,https://shop.samsung.com/pt/Products/Home-Appliances/Encastre/NK36M5060SS-Exaustor-de-Parede%2C-Inox/p/NK36M5060SS/UR
NK24M5060SS/UR,https://shop.samsung.com/pt/Comom/MWO-%3A-MicroWaveOven/NK24M5060SS-Exaustor-de-Parede%2C-Inox/p/NK24M5060SS/UR
RB30J3000SA/EF,https://shop.samsung.com/pt/Products/Refrigerators/Frigor%C3%ADficos-Combinados/RB30J3000SA-Combinado-No-frost%2C-321-L%2C-F/p/RB30J3000SA/EF
SM-N980FZAGEUB,https://shop.samsung.com/pt/Telecom/Mobile-Phone/Galaxy-Note20/p/SM-N980FZAGEUB
SM-N980FZNGEUB,https://shop.samsung.com/pt/Telecom/Mobile-Phone/Galaxy-Note20/p/SM-N980FZNGEUB
SM-T970NZNAEUB,https://shop.samsung.com/pt/Products/Tablets/Galaxy-Tab-S-Series/Galaxy-Tab-S7%2B-%28Wi-Fi%29/p/SM-T970NZNAEUB
SM-R180NZKAEUB,https://shop.samsung.com/pt/Products/Wearables/Galaxy-Buds/Galaxy-Buds-Live/p/SM-R180NZKAEUB
SM-R180NZWAEUB,https://shop.samsung.com/pt/Products/Wearables/Galaxy-Buds/Galaxy-Buds-Live/p/SM-R180NZWAEUB
SM-T870NZKAEUB,https://shop.samsung.com/pt/Products/Tablets/Galaxy-Tab-S-Series/Galaxy-Tab-S7-%28Wi-Fi%29/p/SM-T870NZKAEUB
SM-T870NZSAEUB,https://shop.samsung.com/pt/Products/Tablets/Galaxy-Tab-S-Series/Galaxy-Tab-S7-%28Wi-Fi%29/p/SM-T870NZSAEUB
SM-T875NZKAEUB,https://shop.samsung.com/pt/Products/Tablets/Galaxy-Tab-S-Series/Galaxy-Tab-S7-%284G%29/p/SM-T875NZKAEUB
SM-R850NZDAEUB,https://shop.samsung.com/pt/Products/Wearables/Galaxy-Watch-Series/Galaxy-Watch3-Bluetooth-41mm/p/SM-R850NZDAEUB
SM-T870NZNAEUB,https://shop.samsung.com/pt/Products/Tablets/Galaxy-Tab-S-Series/Galaxy-Tab-S7-%28Wi-Fi%29/p/SM-T870NZNAEUB
EP-N5105TBEGWW,https://shop.samsung.com/pt/Products/Accessories/Acess%C3%B3rios-Mobile/Carregador-sem-Fios-R%C3%A1pido-9W---Em-p%C3%A9/p/EP-N5105TBEGWW
EF-BT500PJEGEU,https://shop.samsung.com/pt/Products/Accessories/Tablet-Access%C3%B3rios/Capa-Book-Galaxy-Tab-A7/p/EF-BT500PJEGEU
SM-T505NZSEEUB,https://shop.samsung.com/pt/Products/Tablets/Galaxy-A-Series/Galaxy-Tab-A7-%2810%2C4%22%2C-4G%29/p/SM-T505NZSEEUB
EF-ZG780CNEGEW,https://shop.samsung.com/pt/Products/Accessories/Acess%C3%B3rios-Galaxy-S20/Capa-S20-FE-Clear-View/p/EF-ZG780CNEGEW
SM-G781BZBDEUB,https://shop.samsung.com/pt/Telecom/Mobile-Phone/Galaxy-S20-FE-5G/p/SM-G781BZBDEUB
SM-A217FZKUEUB,https://shop.samsung.com/pt/Products/Smartphones/Galaxy-A-Series/Galaxy-A21s/p/SM-A217FZKUEUB
WW80TA046AX/EP,https://shop.samsung.com/pt/Comom/WM-%3A-WashingMachine/WW80TA046AX%2C-M%C3%A1q-Lavar-Roupa-EcoBubble%2C-8kg/p/WW80TA046AX/EP
MC28M6035KS/EC,https://shop.samsung.com/pt/Comom/MWO-%3A-MicroWaveOven/MC28M6035KS-Micro-ondas-de-Convec%C3%A7%C3%A3o-com-HotBlast%E2%84%A2%2C-28L/p/MC28M6035KS/EC
WW80T4040EE/EP,https://shop.samsung.com/pt/Comom/WM-%3A-WashingMachine/WW80T4040EE%2C-M%C3%A1q-Lavar-Roupa-Inverter%2C-9kg/p/WW80T4040EE/EP
WW90T554DTW/S3,https://shop.samsung.com/pt/Comom/WM-%3A-WashingMachine/WW90T554DTW%2C-M%C3%A1q-Lavar-Roupa-Add-Wash%2C-9kg/p/WW90T554DTW/S3
WW90T534DAW/S3,https://shop.samsung.com/pt/Comom/WM-%3A-WashingMachine/WW90T534DAW%2C-M%C3%A1q-Lavar-Roupa%2C-Dispensador%2C-9kg/p/WW90T534DAW/S3
WW90T554DAN/S3,https://shop.samsung.com/pt/Comom/WM-%3A-WashingMachine/WW90T554DAN%2C-M%C3%A1q-Lavar-Roupa-Add-Wash%2C-9kg/p/WW90T554DAN/S3
WW90T754DBH/S3,https://shop.samsung.com/pt/Comom/WM-%3A-WashingMachine/WW90T754DBH%2C-M%C3%A1q-Lavar-Roupa-QuickDrive%2C-9kg/p/WW90T754DBH/S3
DV90T5240TW/S3,https://shop.samsung.com/pt/Comom/WM-%3A-WashingMachine/DV90T5240TW%2C-Secador-de-Roupa%2C-9kg/p/DV90T5240TW/S3
RB36T672CS9/EF,https://shop.samsung.com/pt/Products/Refrigerators/Frigor%C3%ADficos-Combinados/RB36T672CS9%2C-Combinado-Space-Max-360L%2C-A%2B%2B%2B%2C-Inox/p/RB36T672CS9/EF
WW80T554DTW/S3,https://shop.samsung.com/pt/Comom/WM-%3A-WashingMachine/WW80T554DTW%2C-M%C3%A1q-Lavar-Roupa-Add-Wash%2C-8kg/p/WW80T554DTW/S3
RB34T600CSA/EF,https://shop.samsung.com/pt/Comom/REF-%3A-Refrigerator/RB34T600CSA%2C-Combinado-Space-Max-340L%2C-A%2B%2B%2B/p/RB34T600CSA/EF
WW90TA026TE/EP,https://shop.samsung.com/pt/Comom/WM-%3A-WashingMachine/WW90TA026TE%2C-M%C3%A1q-Lavar-Roupa-EcoBubble%2C-9kg/p/WW90TA026TE/EP
RB34T632DSA/EF,https://shop.samsung.com/pt/Comom/REF-%3A-Refrigerator/RB34T632DSA%2C-Combinado-c-Dispensador-%C3%81gua%2C-331L/p/RB34T632DSA/EF
WD90T734DBH/S3,https://shop.samsung.com/pt/Products/Washing-machine/WD90T734DBH%2C-M%C3%A1q-Lavar-e-Secar%2C-QuickDrive%2C-9kg/p/WD90T734DBH/S3
WD10T634DBH/S3,https://shop.samsung.com/pt/Products/Washing-machine/WD10T634DBH%2C-M%C3%A1q-Lavar-e-Secar%2C-Dispensador%2C-10%2C5kg/p/WD10T634DBH/S3
UE32T4005AKXXC,https://shop.samsung.com/pt/Comom/CTV-%3A-Color-TV/UE32T4005AKXXC-HD-TV-2020/p/UE32T4005AKXXC
SM-R190NZKAEUB,https://shop.samsung.com/pt/Products/Wearables/Galaxy-Buds/Galaxy-Buds-Pro/p/SM-R190NZKAEUB
SM-G991BZADEUB,https://shop.samsung.com/pt/Products/Smartphones/Galaxy-S21-Series/Galaxy-S21-5G/p/SM-G991BZADEUB
SM-R190NZSAEUB,https://shop.samsung.com/pt/Products/Wearables/Galaxy-Buds/Galaxy-Buds-Pro/p/SM-R190NZSAEUB
EF-PG991TJEGWW,https://shop.samsung.com/pt/Products/Accessories/Acess%C3%B3rios-Galaxy-S21/Capa-Silicone-Galaxy-S21-5G/p/EF-PG991TJEGWW
SM-G991BZIDEUB,https://shop.samsung.com/pt/Products/Smartphones/Galaxy-S21-Series/Galaxy-S21-5G/p/SM-G991BZIDEUB
SM-G996BZKDEUB,https://shop.samsung.com/pt/Products/Smartphones/Galaxy-S21-Series/Galaxy-S21%2B-5G/p/SM-G996BZKDEUB
SM-R190NZVAEUB,https://shop.samsung.com/pt/Products/Wearables/Galaxy-Buds/Galaxy-Buds-Pro/p/SM-R190NZVAEUB
SM-G991BZIGEUB,https://shop.samsung.com/pt/Products/Smartphones/Galaxy-S21-Series/Galaxy-S21-5G/p/SM-G991BZIGEUB
EF-QG991TTEGWW,https://shop.samsung.com/pt/Products/Accessories/Acess%C3%B3rios-Galaxy-S21/Capa-Transparente-Galaxy-S21-5G/p/EF-QG991TTEGWW
SM-G998BZKDEUB,https://shop.samsung.com/pt/Products/Smartphones/Galaxy-S21-Series/Galaxy-S21-Ultra-5G/p/SM-G998BZKDEUB
EI-T5300BBEGEU,https://shop.samsung.com/pt/Products/Accessories/Galaxy-SmartTag/Galaxy-SmartTag/p/EI-T5300BBEGEU
SM-G998BZKGEUB,https://shop.samsung.com/pt/Products/Smartphones/Galaxy-S21-Series/Galaxy-S21-Ultra-5G/p/SM-G998BZKGEUB
SM-G991BZVGEUB,https://shop.samsung.com/pt/Products/Smartphones/Galaxy-S21-Series/Galaxy-S21-5G/p/SM-G991BZVGEUB
SM-G998BZKHEUB,https://shop.samsung.com/pt/Products/Smartphones/Galaxy-S21-Series/Galaxy-S21-Ultra-5G/p/SM-G998BZKHEUB
EF-JG991CTEGWW,https://shop.samsung.com/pt/Products/Accessories/Acess%C3%B3rios-Galaxy-S21/Capa-Transparente-Standing-Galaxy-S21-5G/p/EF-JG991CTEGWW
SM-G991BZWDEUB,https://shop.samsung.com/pt/Products/Smartphones/Galaxy-S21-Series/Galaxy-S21-5G/p/SM-G991BZWDEUB
SM-G996BZSDEUB,https://shop.samsung.com/pt/Products/Smartphones/Galaxy-S21-Series/Galaxy-S21%2B-5G/p/SM-G996BZSDEUB
EF-GG991CBEGWW,https://shop.samsung.com/pt/Products/Accessories/Acess%C3%B3rios-Galaxy-S21/Capa-Protetora-Transparente-Galaxy-S21-5G/p/EF-GG991CBEGWW
SM-G991BZWGEUB,https://shop.samsung.com/pt/Products/Smartphones/Galaxy-S21-Series/Galaxy-S21-5G/p/SM-G991BZWGEUB
EF-ZG998CBEGEW,https://shop.samsung.com/pt/Products/Accessories/Acess%C3%B3rios-Galaxy-S21/Capa-Smart-Clear-View-Galaxy-S21-Ultra-5G/p/EF-ZG998CBEGEW
EF-ZG996CBEGEW,https://shop.samsung.com/pt/Products/Accessories/Acess%C3%B3rios-Galaxy-S21/Capa-Smart-Clear-View-Galaxy-S21%2B-5G/p/EF-ZG996CBEGEW
EF-NG998PBEGEW,https://shop.samsung.com/pt/Products/Accessories/Acess%C3%B3rios-Galaxy-S21/Capa-Smart-LED-View-Galaxy-S21-Ultra-5G/p/EF-NG998PBEGEW
EF-QG996TTEGWW,https://shop.samsung.com/pt/Products/Accessories/Acess%C3%B3rios-Galaxy-S21/Capa-Transparente-Galaxy-S21%2B-5G/p/EF-QG996TTEGWW
EF-JG998CTEGWW,https://shop.samsung.com/pt/Products/Accessories/Acess%C3%B3rios-Galaxy-S21/Capa-de-suporte-transparente-Galaxy-S21-Ultra-5G/p/EF-JG998CTEGWW
SM-G998BZSDEUB,https://shop.samsung.com/pt/Products/Smartphones/Galaxy-S21-Series/Galaxy-S21-Ultra-5G/p/SM-G998BZSDEUB
EF-PG99PTBEGWW,https://shop.samsung.com/pt/Products/Accessories/Acess%C3%B3rios-Galaxy-S21/Capa-Silicone-com-S-Pen-Galaxy-S21-Ultra-5G/p/EF-PG99PTBEGWW
EP-TA800NBEGEU,https://shop.samsung.com/pt/Products/Accessories/Acess%C3%B3rios-Mobile/Adaptador-de-Viagem-25W-%28sem-cabo%29/p/EP-TA800NBEGEU
SM-G998BZSGEUB,https://shop.samsung.com/pt/Products/Smartphones/Galaxy-S21-Series/Galaxy-S21-Ultra-5G/p/SM-G998BZSGEUB
EP-P1300TBEGEU,https://shop.samsung.com/pt/Products/Accessories/Carregamento/Carregador-sem-Fios/p/EP-P1300TBEGEU
EP-TA800NWEGEU,https://shop.samsung.com/pt/Products/Accessories/Acess%C3%B3rios-Mobile/Adaptador-de-Viagem-25W-%28sem-cabo%29/p/EP-TA800NWEGEU
EF-ZG996CVEGEW,https://shop.samsung.com/pt/Products/Accessories/Acess%C3%B3rios-Galaxy-S21/Capa-Smart-Clear-View-Galaxy-S21%2B-5G/p/EF-ZG996CVEGEW
EF-JG996CTEGWW,https://shop.samsung.com/pt/Products/Accessories/Acess%C3%B3rios-Galaxy-S21/Capa-Transparente-com-Suporte-Galaxy-S21%2B-5G/p/EF-JG996CTEGWW
EF-QG998TTEGWW,https://shop.samsung.com/pt/Products/Accessories/Acess%C3%B3rios-Galaxy-S21/Capa-Transparente-Galaxy-S21-Ultra-5G/p/EF-QG998TTEGWW
EP-P6300TBEGEU,https://shop.samsung.com/pt/Products/Accessories/Carregamento/Carregador-Sem-Fios-Triplo/p/EP-P6300TBEGEU
SM-G998BZTHEUB,https://shop.samsung.com/pt/Products/Smartphones/Galaxy-S21-Series/Galaxy-S21-Ultra-5G/p/SM-G998BZTHEUB
EP-P4300TBEGEU,https://shop.samsung.com/pt/Products/Accessories/Carregamento/Carregador-sem-Fios-Duplo/p/EP-P4300TBEGEU
EF-PG998TPEGWW,https://shop.samsung.com/pt/Products/Accessories/Acess%C3%B3rios-Galaxy-S21/Capa-Silicone-Galaxy-S21-Ultra-5G/p/EF-PG998TPEGWW
EF-PG998TVEGWW,https://shop.samsung.com/pt/Products/Accessories/Acess%C3%B3rios-Galaxy-S21/Capa-Silicone-Galaxy-S21-Ultra-5G/p/EF-PG998TVEGWW
EF-ZG99PCBEGEW,https://shop.samsung.com/pt/Products/Accessories/Acess%C3%B3rios-Galaxy-S21/Capa-Smart-Clear-View-com-S-Pen-Galaxy-S21-Ultra-5G/p/EF-ZG99PCBEGEW
EF-ZG991CBEGEW,https://shop.samsung.com/pt/Products/Accessories/Acess%C3%B3rios-Galaxy-S21/Capa-Smart-Clear-View-Galaxy-S21-5G/p/EF-ZG991CBEGEW
WW80T734DBH/S3,https://shop.samsung.com/pt/Products/Washing-machine/WW80T734DBH%2C-M%C3%A1q-Lavar-Roupa-QuickDrive%2C-8kg/p/WW80T734DBH/S3
WD80TA046BE/EP,https://shop.samsung.com/pt/Products/Washing-machine/WD80TA046BE%2C-M%C3%A1q-Lavar-e-Secar%2C-EcoBubble%2C-8kg/p/WD80TA046BE/EP
MS23K3515AK/EC,https://shop.samsung.com/pt/Products/Micro-wave/Micro-ondas-Simples/MS23K3515AK-EC-Micro-ondas-Simples-com-Cer%C3%A2mica-Enamel%2C-23L/p/MS23K3515AK/EC
WD80T554DBW/S3,https://shop.samsung.com/pt/Products/Washing-machine/WD80T554DBW%2C-M%C3%A1q-Lavar-e-Secar%2C-Add-Wash%2C-8kg/p/WD80T554DBW/S3
VC07K41E0VL/EP,https://shop.samsung.com/pt/Products/Vacuum-Cleaner/WITHOUT-BAG/VC07K41E0VL-Aspirador-Sem-Saco/p/VC07K41E0VL/EP
DV80TA020TE/EP,https://shop.samsung.com/pt/Products/Washing-machine/M%C3%A1quinas-de-secar-roupa/DV80TA020TE%2C-Secador-de-Roupa%2C-8kg/p/DV80TA020TE/EP
DV70TA000TE/EP,https://shop.samsung.com/pt/Products/Washing-machine/M%C3%A1quinas-de-secar-roupa/DV70TA000TE%2C-Secador-de-Roupa%2C-7kg/p/DV70TA000TE/EP
WD90TA046BE/EP,https://shop.samsung.com/pt/Products/Washing-machine/WD90TA046BE%2C-M%C3%A1q-Lavar-e-Secar%2C-EcoBubble%2C-9kg/p/WD90TA046BE/EP
VS15T7031R1/EP,https://shop.samsung.com/pt/Comom/VC-%3A-VacuumCleaner/VS15T7031R1-Aspirador-Vertical/p/VS15T7031R1/EP
SM-A326BZKVEUB,https://shop.samsung.com/pt/Products/Smartphones/Galaxy-A-Series/Galaxy-A32-5G/p/SM-A326BZKVEUB
EF-EA525PBEGEW,https://shop.samsung.com/pt/Products/Accessories/Acess%C3%B3rios-Mobile/A52-Capa-Smart-S-View-Wallet/p/EF-EA525PBEGEW
SM-A526BZBHEUB,https://shop.samsung.com/pt/Products/Smartphones/Galaxy-A-Series/Galaxy-A52-5G/p/SM-A526BZBHEUB
SM-A325FZBGEUB,https://shop.samsung.com/pt/Products/Smartphones/Galaxy-A-Series/Galaxy-A32/p/SM-A325FZBGEUB
SM-A325FZKGEUB,https://shop.samsung.com/pt/Products/Smartphones/Galaxy-A-Series/Galaxy-A32/p/SM-A325FZKGEUB
LS32AM700URXEN,https://shop.samsung.com/pt/Products/Monitors/Smart-Monitors/32%22-M70A-UHD-Smart-Monitor-com-USB-C%2C-colunas-incorporadas-e-telecomando/p/LS32AM700URXEN
LS32AM500NRXEN,https://shop.samsung.com/pt/Products/Monitors/Smart-Monitors/M50A-FHD-Smart-Monitor-com-colunas-incorporadas-e-telecomando/p/LS32AM500NRXEN
QE55QN85AATXXC,https://shop.samsung.com/pt/Products/TV/Neo-QLED/QN85A-Smart-4K-NEO-QLED-TV-2021/p/QE55QN85AATXXC
QE75QN85AATXXC,https://shop.samsung.com/pt/Products/TV/Neo-QLED/QN85A-Smart-4K-NEO-QLED-TV-2021/p/QE75QN85AATXXC
QE65QN800ATXXC,https://shop.samsung.com/pt/Comom/CTV-%3A-Color-TV/QN800A-Smart-8K-NEO-QLED-TV-2021/p/QE65QN800ATXXC
QE65QN95AATXXC,https://shop.samsung.com/pt/Comom/CTV-%3A-Color-TV/QN95A-Smart-4K-NEO-QLED-TV-2021/p/QE65QN95AATXXC
QE85QN900ATXXC,https://shop.samsung.com/pt/Comom/CTV-%3A-Color-TV/QN900A-Smart-8K-NEO-QLED-TV-2021/p/QE85QN900ATXXC
QE65QN85AATXXC,https://shop.samsung.com/pt/Products/TV/Neo-QLED/QN85A-Smart-4K-NEO-QLED-TV-2021/p/QE65QN85AATXXC
QE75QN800ATXXC,https://shop.samsung.com/pt/Comom/CTV-%3A-Color-TV/QN800A-Smart-8K-NEO-QLED-TV-2021/p/QE75QN800ATXXC
QE55QN95AATXXC,https://shop.samsung.com/pt/Comom/CTV-%3A-Color-TV/QN95A-Smart-4K-NEO-QLED-TV-2021/p/QE55QN95AATXXC
QE75QN900ATXXC,https://shop.samsung.com/pt/Comom/CTV-%3A-Color-TV/QN900A-Smart-8K-NEO-QLED-TV-2021/p/QE75QN900ATXXC
QE75QN95AATXXC,https://shop.samsung.com/pt/Comom/CTV-%3A-Color-TV/QN95A-Smart-4K-NEO-QLED-TV-2021/p/QE75QN95AATXXC
QE65QN900ATXXC,https://shop.samsung.com/pt/Comom/CTV-%3A-Color-TV/QN900A-Smart-8K-NEO-QLED-TV-2021/p/QE65QN900ATXXC
WD90TA046BX/EP,https://shop.samsung.com/pt/Products/Washing-machine/EcoBubble%E2%84%A2/WD90TA046BX%2C-M%C3%A1q-Lavar-e-Secar%2C-EcoBubble%2C-9kg/p/WD90TA046BX/EP
RB34T672DWW/EF,https://shop.samsung.com/pt/Products/Refrigerators/Frigor%C3%ADficos-Combinados/RB34T672DWW%2C-Combinado-Space-Max%2C-344L%2C-D/p/RB34T672DWW/EF
RB34T671DS9/EF,https://shop.samsung.com/pt/Products/Refrigerators/Frigor%C3%ADficos-Combinados/RB34T671DS9%2C-Combinado-Space-Max-344L%2C-D/p/RB34T671DS9/EF
RB30J3000WW/EF,https://shop.samsung.com/pt/Products/Refrigerators/Frigor%C3%ADficos-Combinados/RB30J3000WW-Combinado-No-frost%2C-321-L%2C-F/p/RB30J3000WW/EF
RB38T676CS9/EF,https://shop.samsung.com/pt/Products/Refrigerators/Frigor%C3%ADficos-Combinados/RB38T676CS9%2C-Combinado-Space-Max-390L%2C-C/p/RB38T676CS9/EF
MG28F303TAK/EC,https://shop.samsung.com/pt/Comom/MWO-%3A-MicroWaveOven/MG28F303TAK-Micro-ondas-com-Grill%2C-28L/p/MG28F303TAK/EC
WW10T534DAW/S3,https://shop.samsung.com/pt/Products/Washing-machine/WW10T534DAW%2C-M%C3%A1q-Lavar-Roupa%2C-Dispensador%2C-10-5kg/p/WW10T534DAW/S3
RS68A8822S9/EF,https://shop.samsung.com/pt/Products/Refrigerators/Frigor%C3%ADficos-Side-by-Side/RS68A8822S9-Side-By-Side-com-Sistema-Twin-Cooling-Plus-634L%2C-D/p/RS68A8822S9/EF
VG-SCFT75BE/XC,https://shop.samsung.com/pt/Products/Accessories/TV-Accessories/Moldura-The-Frame-75%22/p/VG-SCFT75BE/XC
VG-SCFT75BL/XC,https://shop.samsung.com/pt/Products/Accessories/TV-Accessories/Moldura-The-Frame-75%22/p/VG-SCFT75BL/XC
VG-SCFT75BW/XC,https://shop.samsung.com/pt/Products/Accessories/TV-Accessories/Moldura-The-Frame-75%22/p/VG-SCFT75BW/XC
VG-SCFT75WT/XC,https://shop.samsung.com/pt/Products/Accessories/TV-Accessories/Moldura-The-Frame-75%22/p/VG-SCFT75WT/XC
VG-SCFT50BE/XC,https://shop.samsung.com/pt/Products/Accessories/TV-Accessories/Moldura-The-Frame-50%22/p/VG-SCFT50BE/XC
VG-SCFT32BE/XC,https://shop.samsung.com/pt/Products/Accessories/TV-Accessories/Moldura-The-Frame-32%22/p/VG-SCFT32BE/XC
VG-SCFT43BE/XC,https://shop.samsung.com/pt/Products/Accessories/TV-Accessories/Moldura-The-Frame-43%22/p/VG-SCFT43BE/XC
VG-SCFT55BL/XC,https://shop.samsung.com/pt/Products/Accessories/TV-Accessories/Moldura-The-Frame-55%22/p/VG-SCFT55BL/XC
VG-SCFT50BL/XC,https://shop.samsung.com/pt/Products/Accessories/TV-Accessories/Moldura-The-Frame-50%22/p/VG-SCFT50BL/XC
VG-SCFT43BW/XC,https://shop.samsung.com/pt/Products/Accessories/TV-Accessories/Moldura-The-Frame-43%22/p/VG-SCFT43BW/XC
VG-SCFT43WT/XC,https://shop.samsung.com/pt/Products/Accessories/TV-Accessories/Moldura-The-Frame-43%22/p/VG-SCFT43WT/XC
VG-SCFT55BW/XC,https://shop.samsung.com/pt/Products/Accessories/TV-Accessories/Moldura-The-Frame-55%22/p/VG-SCFT55BW/XC
VG-SCFT32WT/XC,https://shop.samsung.com/pt/Products/Accessories/TV-Accessories/Moldura-The-Frame-32%22/p/VG-SCFT32WT/XC
VG-SCFT50BW/XC,https://shop.samsung.com/pt/Products/Accessories/TV-Accessories/Moldura-The-Frame-50%22/p/VG-SCFT50BW/XC
VG-SCFT55WT/XC,https://shop.samsung.com/pt/Products/Accessories/TV-Accessories/Moldura-The-Frame-55%22/p/VG-SCFT55WT/XC
VG-SCFT50WT/XC,https://shop.samsung.com/pt/Products/Accessories/TV-Accessories/Moldura-The-Frame-50%22/p/VG-SCFT50WT/XC
VG-SCFT65BL/XC,https://shop.samsung.com/pt/Products/Accessories/TV-Accessories/Moldura-The-Frame-65%22/p/VG-SCFT65BL/XC
VG-SCFT65BE/XC,https://shop.samsung.com/pt/Products/Accessories/TV-Accessories/Moldura-The-Frame-65%22/p/VG-SCFT65BE/XC
VG-SCFT65BW/XC,https://shop.samsung.com/pt/Products/Accessories/TV-Accessories/Moldura-The-Frame-65%22/p/VG-SCFT65BW/XC
VG-SCFT65WT/XC,https://shop.samsung.com/pt/Products/Accessories/TV-Accessories/Moldura-The-Frame-65%22/p/VG-SCFT65WT/XC
DV90T5240AN/S3,https://shop.samsung.com/pt/Products/Washing-machine/DV90T5240AN%2C-Secador-de-Roupa%2C-9kg/p/DV90T5240AN/S3
UE55TU7025KXXC,https://shop.samsung.com/pt/Products/TV/Crystal-UHD/TU7025-Smart-4K-Crystal-UHD-TV/p/UE55TU7025KXXC
RB36T672CWW/EF,https://shop.samsung.com/pt/Products/Refrigerators/Frigor%C3%ADficos-Combinados/RB36T672CWW%2C-Combinado-Space-Max%2C-365L%2C-C/p/RB36T672CWW/EF
DV80TA020AX/EP,https://shop.samsung.com/pt/Products/Home-Appliances/DV80TA020AX%2C-Secador-de-Roupa%2C-8kg/p/DV80TA020AX/EP
RS68A8522S9/EF,https://shop.samsung.com/pt/Products/Refrigerators/Frigor%C3%ADficos-Side-by-Side/RS68A8522S9-Side-By-Side-com-Sistema-Twin-Cooling-Plus-634L%2C-D/p/RS68A8522S9/EF
RS68A8531SL/EF,https://shop.samsung.com/pt/Products/Refrigerators/Frigor%C3%ADficos-Side-by-Side/RS68A8531SL-Side-By-Side-com-Sistema-Twin-Cooling-Plus-634L%2C-E/p/RS68A8531SL/EF
QE65Q80AATXXC,https://shop.samsung.com/pt/Products/TV/QLED-TV/Q80A-Smart-4K-QLED-TV-2021/p/QE65Q80AATXXC
RS67A8811S9/EF,https://shop.samsung.com/pt/Products/Refrigerators/Frigor%C3%ADficos-Side-by-Side/RS67A8811S9-Side-By-Side-com-Sistema-Twin-Cooling-Plus-634L%2C-E/p/RS67A8811S9/EF
RS68A8821B1/EF,https://shop.samsung.com/pt/Products/Refrigerators/Frigor%C3%ADficos-Side-by-Side/RS68A8821B1-Side-By-Side-com-Sistema-Twin-Cooling-Plus-634L-E/p/RS68A8821B1/EF
QE75Q80AATXXC,https://shop.samsung.com/pt/Products/TV/QLED-TV/Q80A-Smart-4K-QLED-TV-2021/p/QE75Q80AATXXC
RS67A8810S9/EF,https://shop.samsung.com/pt/Products/Refrigerators/Frigor%C3%ADficos-Side-by-Side/RS67A8810S9-Side-By-Side-com-Sistema-Twin-Cooling-Plus-634L%2C-F/p/RS67A8810S9/EF
QE75Q70AATXXC,https://shop.samsung.com/pt/Products/TV/QLED-TV/Q70A-Smart-4K-QLED-TV-2021/p/QE75Q70AATXXC
QE65Q70AATXXC,https://shop.samsung.com/pt/Products/TV/QLED-TV/Q70A-Smart-4K-QLED-TV-2021/p/QE65Q70AATXXC
VS15A6032R5/EP,https://shop.samsung.com/pt/Products/Vacuum-Cleaner/Aspirador-Vertical/VS15A6032R5-Aspirador-Vertical/p/VS15A6032R5/EP
QE50Q60AAUXXC,https://shop.samsung.com/pt/Comom/CTV-%3A-Color-TV/43%22-Q60A-Smart-4K-QLED-TV-2021/p/QE50Q60AAUXXC
QE55Q60AAUXXC,https://shop.samsung.com/pt/Comom/CTV-%3A-Color-TV/43%22-Q60A-Smart-4K-QLED-TV-2021/p/QE55Q60AAUXXC
SM-M127FLBVEUB,https://shop.samsung.com/pt/Telecom/Mobile-Phone/Galaxy-M12/p/SM-M127FLBVEUB
QE65Q60AAUXXC,https://shop.samsung.com/pt/Comom/CTV-%3A-Color-TV/43%22-Q60A-Smart-4K-QLED-TV-2021/p/QE65Q60AAUXXC
RS6HA8891SL/EF,https://shop.samsung.com/pt/Comom/REF-%3A-Refrigerator/RS6HA8891SL-Side-by-Side-Family-Hub%2C-E/p/RS6HA8891SL/EF
WF18T8000GW/EP,https://shop.samsung.com/pt/Comom/WM-%3A-WashingMachine/WF18T8000GW%2C-M%C3%A1q-Lavar-Roupa%2C-EcoBubble%2C-18kg/p/WF18T8000GW/EP
QE75Q60AAUXXC,https://shop.samsung.com/pt/Comom/CTV-%3A-Color-TV/43%22-Q60A-Smart-4K-QLED-TV-2021/p/QE75Q60AAUXXC
MG23A7013CT/EC,https://shop.samsung.com/pt/Comom/MWO-%3A-MicroWaveOven/MG23A7013CT-Micro-ondas-Grill-de-Encastre%2C-23L/p/MG23A7013CT/EC
RT62K7115SL/ES,https://shop.samsung.com/pt/Products/Refrigerators/Frigor%C3%ADficos-Combinados/RT62K7115SL-Frigor%C3%ADfico-com-Twin-Cooling-Plus%E2%84%A2%2C-620L%2C-F/p/RT62K7115SL/ES
SM-M127FLBWEUB,https://shop.samsung.com/pt/Telecom/Mobile-Phone/Galaxy-M12/p/SM-M127FLBWEUB
SM-M127FZGVEUB,https://shop.samsung.com/pt/Telecom/Mobile-Phone/Galaxy-M12/p/SM-M127FZGVEUB
SM-M127FZGWEUB,https://shop.samsung.com/pt/Telecom/Mobile-Phone/Galaxy-M12/p/SM-M127FZGWEUB
SM-M127FZKVEUB,https://shop.samsung.com/pt/Telecom/Mobile-Phone/Galaxy-M12/p/SM-M127FZKVEUB
SM-M127FZKWEUB,https://shop.samsung.com/pt/Telecom/Mobile-Phone/Galaxy-M12/p/SM-M127FZKWEUB
RS68A8520S9/EF,https://shop.samsung.com/pt/Comom/REF-%3A-Refrigerator/RS68A8520S9-Side-By-Side-com-Sistema-Twin-Cooling-Plus-634L%2C-F/p/RS68A8520S9/EF
RS68A8821S9/EF,https://shop.samsung.com/pt/Comom/REF-%3A-Refrigerator/RS68A8821S9-Side-By-Side-com-Sistema-Twin-Cooling-Plus-634L%2C-E/p/RS68A8821S9/EF
UE43TU7025KXXC,https://shop.samsung.com/pt/Products/TV/Crystal-UHD/TU7025-Smart-4K-Crystal-UHD-TV/p/UE43TU7025KXXC
LC27RG50FQRXEN,https://shop.samsung.com/pt/Products/Monitors/Monitores-Gaming/Monitor-Curvo-Gaming-27%22/p/LC27RG50FQRXEN
QE43Q60AAUXXC,https://shop.samsung.com/pt/Comom/CTV-%3A-Color-TV/43%22-Q60A-Smart-4K-QLED-TV-2021/p/QE43Q60AAUXXC
RB34A6B3D48/EF,https://shop.samsung.com/pt/Products/Refrigerators/RB34A6B3D48-Combinado-BESPOKE-Azul-C%C3%A9u-Satin%2C-D/p/RB34A6B3D48/EF
QE55Q80AATXXC,https://shop.samsung.com/pt/Products/TV/QLED-TV/Q80A-Smart-4K-QLED-TV-2021/p/QE55Q80AATXXC
RB38A6B3DS9/EF,https://shop.samsung.com/pt/Products/Refrigerators/RB38A6B3DS9-Combinado-BESPOKE-Inox-Refinado%2C-D/p/RB38A6B3DS9/EF
RB34A6B1DCE/EF,https://shop.samsung.com/pt/Products/Refrigerators/RB34A6B1DCE-Combinado-BESPOKE-Bege-Cotta%2C-D/p/RB34A6B1DCE/EF
RB38A7B4D41/EF,https://shop.samsung.com/pt/Products/Refrigerators/RB38A7B4D41-Combinado-BESPOKE-Azul-Marinho-Glam%2C-D/p/RB38A7B4D41/EF
UE75TU7025KXXC,https://shop.samsung.com/pt/Products/TV/Crystal-UHD/TU7025-Smart-4K-Crystal-UHD-TV/p/UE75TU7025KXXC
UE50TU7025KXXC,https://shop.samsung.com/pt/Products/TV/Crystal-UHD/TU7025-Smart-4K-Crystal-UHD-TV/p/UE50TU7025KXXC
UE65TU7025KXXC,https://shop.samsung.com/pt/Products/TV/Crystal-UHD/TU7025-Smart-4K-Crystal-UHD-TV/p/UE65TU7025KXXC
SM-T870NDBAEUB,https://shop.samsung.com/pt/Products/Tablets/Galaxy-Tab-S-Series/Galaxy-Tab-S7-%28Wi-Fi%29/p/SM-T870NDBAEUB
GP-FPM127KDATW,https://shop.samsung.com/pt/Products/Accessories/Acess%C3%B3rios-Mobile/Capa-Protetora-M12/p/GP-FPM127KDATW
GP-FPT505AMAGW,https://shop.samsung.com/pt/Products/Accessories/Acess%C3%B3rios-Mobile/Capa-Tab-A7-Kids/p/GP-FPT505AMAGW
EF-QA125TTEGEU,https://shop.samsung.com/pt/Telecom/Mobile-Phone/A12-Capa-Soft-Clear-Transparente/p/EF-QA125TTEGEU
HW-Q950A/ZF,https://shop.samsung.com/pt/Products/Soundbars/Soundbar-Q950A-616W-11-1-4-2021/p/HW-Q950A/ZF
VS15A6031R4/EP,https://shop.samsung.com/pt/Products/Vacuum-Cleaner/VS15A6031R4-Aspirador-Vertical/p/VS15A6031R4/EP
HW-Q800A/ZF,https://shop.samsung.com/pt/Products/Soundbars/Soundbar-Q800A-330W-3-1-2-2021/p/HW-Q800A/ZF
HW-A450/ZF,https://shop.samsung.com/pt/Products/Soundbars/Soundbar-A450-300W-2-1-2021/p/HW-A450/ZF
QE50Q80AATXXC,https://shop.samsung.com/pt/Products/TV/QLED-TV/Q80A-Smart-4K-QLED-TV-2021/p/QE50Q80AATXXC
HW-T420/ZF,https://shop.samsung.com/pt/Products/Soundbars/Soundbar-T420-150W-2-1-2020/p/HW-T420/ZF
QE55Q70AATXXC,https://shop.samsung.com/pt/Products/TV/QLED-TV/Q70A-Smart-4K-QLED-TV-2021/p/QE55Q70AATXXC
UE75AU7105KXXC,https://shop.samsung.com/pt/Products/TV/UHD-TV/85%22-AU7105-Smart-4K-Crystal-UHD-TV-2021/p/UE75AU7105KXXC
UE43AU7105KXXC,https://shop.samsung.com/pt/Products/TV/UHD-TV/85%22-AU7105-Smart-4K-Crystal-UHD-TV-2021/p/UE43AU7105KXXC
UE58AU7105KXXC,https://shop.samsung.com/pt/Products/TV/UHD-TV/85%22-AU7105-Smart-4K-Crystal-UHD-TV-2021/p/UE58AU7105KXXC
UE50AU7105KXXC,https://shop.samsung.com/pt/Products/TV/UHD-TV/85%22-AU7105-Smart-4K-Crystal-UHD-TV-2021/p/UE50AU7105KXXC
UE65AU7105KXXC,https://shop.samsung.com/pt/Products/TV/UHD-TV/85%22-AU7105-Smart-4K-Crystal-UHD-TV-2021/p/UE65AU7105KXXC
UE85AU7105KXXC,https://shop.samsung.com/pt/Products/TV/UHD-TV/85%22-AU7105-Smart-4K-Crystal-UHD-TV-2021/p/UE85AU7105KXXC
UE55AU7105KXXC,https://shop.samsung.com/pt/Products/TV/UHD-TV/85%22-AU7105-Smart-4K-Crystal-UHD-TV-2021/p/UE55AU7105KXXC
SM-T736BLGAEUB,https://shop.samsung.com/pt/Telecom/Mobile-Phone/Galaxy-Tab-S7-FE-%285G%29/p/SM-T736BLGAEUB
SM-T736BZKAEUB,https://shop.samsung.com/pt/Telecom/Mobile-Phone/Galaxy-Tab-S7-FE-%285G%29/p/SM-T736BZKAEUB
SM-T736BZKEEUB,https://shop.samsung.com/pt/Telecom/Mobile-Phone/Galaxy-Tab-S7-FE-%285G%29/p/SM-T736BZKEEUB
SM-T736BZSAEUB,https://shop.samsung.com/pt/Telecom/Mobile-Phone/Galaxy-Tab-S7-FE-%285G%29/p/SM-T736BZSAEUB
SM-G780GZGDEUB,https://shop.samsung.com/pt/Telecom/Mobile-Phone/Galaxy-S20-FE-%28SM-G780F%29/p/SM-G780GZGDEUB
SM-G780GZBDEUB,https://shop.samsung.com/pt/Telecom/Mobile-Phone/Galaxy-S20-FE-%28SM-G780F%29/p/SM-G780GZBDEUB
MZ-76P1T0B/EU,https://shop.samsung.com/pt/Products/IT/Armazenamento/SSD-860-PRO-SATA-III-2-5-Polegadas-1TB/p/MZ-76P1T0B/EU
MZ-76P512B/EU,https://shop.samsung.com/pt/Products/IT/Armazenamento/SSD-860-PRO-SATA-III-2-5-Polegadas-512GB/p/MZ-76P512B/EU
UE43AU9005KXXC,https://shop.samsung.com/pt/Products/TV/Crystal-UHD/AU9005-Smart-4K-Crystal-UHD-TV-2021/p/UE43AU9005KXXC
UE50AU9005KXXC,https://shop.samsung.com/pt/Products/TV/Crystal-UHD/AU9005-Smart-4K-Crystal-UHD-TV-2021/p/UE50AU9005KXXC
MZ-77Q2T0BW,https://shop.samsung.com/pt/Comom/Memory/SSD-870-QVO-SATA-III-2-5-inch/p/MZ-77Q2T0BW
UE55AU9005KXXC,https://shop.samsung.com/pt/Products/TV/Crystal-UHD/AU9005-Smart-4K-Crystal-UHD-TV-2021/p/UE55AU9005KXXC
MZ-76P256B/EU,https://shop.samsung.com/pt/Comom/Memory/SSD-860-PRO-SATA-III-2-5-Polegadas-256GB/p/MZ-76P256B/EU
MZ-77E500B/EU,https://shop.samsung.com/pt/Comom/Memory/SSD-870-EVO-SATA-III/p/MZ-77E500B/EU
MZ-77Q4T0BW,https://shop.samsung.com/pt/Comom/Memory/SSD-870-QVO-SATA-III-2-5-inch/p/MZ-77Q4T0BW
LC49RG90SSRXEN,https://shop.samsung.com/pt/Products/Monitors/Monitores-Gaming/Monitor-Curvo-Gaming-49%22-CRG9/p/LC49RG90SSRXEN
MZ-77E2T0B/EU,https://shop.samsung.com/pt/Comom/Memory//p/MZ-77E2T0B/EU
MZ-V7P512BW,https://shop.samsung.com/pt/Comom/Memory/SSD-970-PRO-512GB/p/MZ-V7P512BW
UE65AU9005KXXC,https://shop.samsung.com/pt/Products/TV/Crystal-UHD/AU9005-Smart-4K-Crystal-UHD-TV-2021/p/UE65AU9005KXXC
UE75AU9005KXXC,https://shop.samsung.com/pt/Products/TV/Crystal-UHD/AU9005-Smart-4K-Crystal-UHD-TV-2021/p/UE75AU9005KXXC
QE50QN90AATXXC,https://shop.samsung.com/pt/Products/TV/Neo-QLED/QN90A-Smart-4K-NEO-QLED-TV-2021/p/QE50QN90AATXXC
MZ-77E250B/EU,https://shop.samsung.com/pt/Comom/Memory/SSD-870-EVO-SATA-III/p/MZ-77E250B/EU
LC27G75TQSRXEN,https://shop.samsung.com/pt/Products/Monitors/Monitores-Gaming/Monitor-Gaming-Odyssey-G7/p/LC27G75TQSRXEN
MZ-77E1T0B/EU,https://shop.samsung.com/pt/Comom/Memory/SSD-870-EVO-SATA-III/p/MZ-77E1T0B/EU
QE50LS03AAUXXC,https://shop.samsung.com/pt/Products/TV/The-Frame/The-Frame-QLED-4K-2021/p/QE50LS03AAUXXC
SP-LSP9TFAXXC,https://shop.samsung.com/pt/Products/TV/Projetores/130%27%27-Projetor-Smart-Triple-Laser-4K-LSP9T-The-Premiere-2021/p/SP-LSP9TFAXXC
MZ-77Q1T0BW,https://shop.samsung.com/pt/Comom/Memory//p/MZ-77Q1T0BW
MZ-77E4T0B/EU,https://shop.samsung.com/pt/Comom/Memory//p/MZ-77E4T0B/EU
MZ-V7P1T0BW,https://shop.samsung.com/pt/Comom/Memory/SSD-970-PRO-1TB/p/MZ-V7P1T0BW
RF65A967FSL/ES,https://shop.samsung.com/pt/Products/Refrigerators/RF65A967FSL-Frigor%C3%ADfico-4Portas-com-sistema-Triple-Cooling%2C-647L/p/RF65A967FSL/ES
MZ-V8V500BW,https://shop.samsung.com/pt/Comom/Memory/980-PCIe-3-0-NVMeTM-M-2-SSD/p/MZ-V8V500BW
MZ-V8V250BW,https://shop.samsung.com/pt/Comom/Memory/980-PCIe-3-0-NVMeTM-M-2-SSD/p/MZ-V8V250BW
SP-LSP7TFAXXC,https://shop.samsung.com/pt/Products/TV/Projetores/120%27%27-Projetor-a-Laser-Smart-4K-LSP7T-The-Premiere-2021/p/SP-LSP7TFAXXC
MU-PC1T0K/WW,https://shop.samsung.com/pt/Comom/Memory/SSD-Port%C3%A1til-T7-Touch/p/MU-PC1T0K/WW
MZ-V8V1T0BW,https://shop.samsung.com/pt/Comom/Memory/980-PCIe-3-0-NVMeTM-M-2-SSD/p/MZ-V8V1T0BW
MU-PC500K/WW,https://shop.samsung.com/pt/Comom/Memory/SSD-Port%C3%A1til-T7-Touch/p/MU-PC500K/WW
MU-PC2T0K/WW,https://shop.samsung.com/pt/Comom/Memory/SSD-Port%C3%A1til-T7-Touch/p/MU-PC2T0K/WW
QE55QN90AATXXC,https://shop.samsung.com/pt/Products/TV/Neo-QLED/QN90A-Smart-4K-NEO-QLED-TV-2021/p/QE55QN90AATXXC
QE43LS03AAUXXC,https://shop.samsung.com/pt/Products/TV/The-Frame/The-Frame-QLED-4K-2021/p/QE43LS03AAUXXC
QE55LS03AAUXXC,https://shop.samsung.com/pt/Products/TV/The-Frame/The-Frame-QLED-4K-2021/p/QE55LS03AAUXXC
QE65LS03AAUXXC,https://shop.samsung.com/pt/Products/TV/The-Frame/The-Frame-QLED-4K-2021/p/QE65LS03AAUXXC
QE75LS03AAUXXC,https://shop.samsung.com/pt/Products/TV/The-Frame/The-Frame-QLED-4K-2021/p/QE75LS03AAUXXC
QE65QN90AATXXC,https://shop.samsung.com/pt/Products/TV/Neo-QLED/QN90A-Smart-4K-NEO-QLED-TV-2021/p/QE65QN90AATXXC
SM-T225NZAAEUB,https://shop.samsung.com/pt/Products/Tablets/Galaxy-A-Series/Galaxy-Tab-A7-Lite-4G/p/SM-T225NZAAEUB
SM-T220NZAAEUB,https://shop.samsung.com/pt/Products/Tablets/Galaxy-A-Series/Galaxy-Tab-A7-Lite-%28Wi-Fi%29/p/SM-T220NZAAEUB
SM-T220NZSAEUB,https://shop.samsung.com/pt/Products/Tablets/Galaxy-A-Series/Galaxy-Tab-A7-Lite-%28Wi-Fi%29/p/SM-T220NZSAEUB
LS32A700NWUXEN,https://shop.samsung.com/pt/Products/Monitors/Smart-Monitors/Monitor-UHD-com-painel-IPS-e-HDR/p/LS32A700NWUXEN
LF27T352FHRXEN,https://shop.samsung.com/pt/Products/Monitors/Monitores-Profissionais/Monitor-LED-24%22-com-painel-IPS-profissional/p/LF27T352FHRXEN
LU28R550UQRXEN,https://shop.samsung.com/pt/Products/Monitors/Alta-Resolu%C3%A7%C3%A3o/28%22-UHD-Monitor/p/LU28R550UQRXEN
LC34G55TWWRXEN,https://shop.samsung.com/pt/Comom/Monitor/Monitor-Odyssey-G5-LC27G55TQWRXEN/p/LC34G55TWWRXEN
LC32G73TQSRXEN,https://shop.samsung.com/pt/Products/Monitors/Monitores-Gaming/Monitor-Gaming-Odissey-G7-G73TQSRXEN/p/LC32G73TQSRXEN
LS34A650UXUXEN,https://shop.samsung.com/pt/Products/Monitors/Monitores-Profissionais/Monitor-LED-IPS-34%22-S34A650/p/LS34A650UXUXEN
LC32G75TQSRXEN,https://shop.samsung.com/pt/Products/Monitors/Monitores-Gaming/Monitor-Gaming-Odyssey-G7/p/LC32G75TQSRXEN
LS27A600UUUXEN,https://shop.samsung.com/pt/Products/Monitors/Monitores-Profissionais/Monitor-LED-IPS-24%22-S24A600/p/LS27A600UUUXEN
LC27G73TQSRXEN,https://shop.samsung.com/pt/Products/Monitors/Monitores-Gaming/Monitor-Gaming-Odissey-G7-G73TQSRXEN/p/LC27G73TQSRXEN
LS32AM501NUXEN,https://shop.samsung.com/pt/Products/Monitors/Smart-Monitors/Monitor-Smart-com-Apps-Smart-TV/p/LS32AM501NUXEN
LS43AM700UUXEN,https://shop.samsung.com/pt/Products/Monitors/Smart-Monitors/Smart-Monitor-43%22-Com-Apps-Smart-TV-e-resolu%C3%A7%C3%A3o-4K/p/LS43AM700UUXEN
LS27A600NWUXEN,https://shop.samsung.com/pt/Products/Monitors/Monitores-Profissionais/Monitor-LED-IPS-24%22-S24A600/p/LS27A600NWUXEN
LS27AM501NUXEN,https://shop.samsung.com/pt/Products/Monitors/Smart-Monitors/Monitor-Smart-com-Apps-Smart-TV/p/LS27AM501NUXEN
LC32G53TQWRXEN,https://shop.samsung.com/pt/Products/Monitors/Monitores-Gaming/Monitor-Odissey-G5-LC27G55TQWUXEN/p/LC32G53TQWRXEN
QE55LST7TCUXXC,https://shop.samsung.com/pt/Comom/CTV-%3A-Color-TV/The-Terrace-Smart-QLED-TV-4K-Exterior-2021/p/QE55LST7TCUXXC
QE65LST7TCUXXC,https://shop.samsung.com/pt/Comom/CTV-%3A-Color-TV/The-Terrace-Smart-QLED-TV-4K-Exterior-2021/p/QE65LST7TCUXXC
QE75LST7TCUXXC,https://shop.samsung.com/pt/Comom/CTV-%3A-Color-TV/The-Terrace-Smart-QLED-TV-4K-Exterior-2021/p/QE75LST7TCUXXC
SM-A225FZKGEUB,https://shop.samsung.com/pt/Products/Smartphones/Galaxy-A-Series/Galaxy-A22/p/SM-A225FZKGEUB
SM-A225FZWGEUB,https://shop.samsung.com/pt/Products/Smartphones/Galaxy-A-Series/Galaxy-A22/p/SM-A225FZWGEUB
QE32LS03TCUXXC,https://shop.samsung.com/pt/Products/TV/The-Frame/32%22-The-Frame-QLED-2021/p/QE32LS03TCUXXC
SM-A226BLVVEUB,https://shop.samsung.com/pt/Products/Smartphones/Galaxy-A-Series/Galaxy-A22-5G/p/SM-A226BLVVEUB
SM-A226BZAUEUB,https://shop.samsung.com/pt/Products/Smartphones/Galaxy-A-Series/Galaxy-A22-5G/p/SM-A226BZAUEUB
SM-A226BZAVEUB,https://shop.samsung.com/pt/Products/Smartphones/Galaxy-A-Series/Galaxy-A22-5G/p/SM-A226BZAVEUB
SM-A226BZWUEUB,https://shop.samsung.com/pt/Products/Smartphones/Galaxy-A-Series/Galaxy-A22-5G/p/SM-A226BZWUEUB
SM-F926BZGDEUB,https://shop.samsung.com/pt/Products/Smartphones/Galaxy-Z-Fold3//p/SM-F926BZGDEUB
SM-F926BZGGEUB,https://shop.samsung.com/pt/Products/Smartphones/Galaxy-Z-Fold3//p/SM-F926BZGGEUB
SM-F926BZKDEUB,https://shop.samsung.com/pt/Products/Smartphones/Galaxy-Z-Fold3//p/SM-F926BZKDEUB
SM-F926BZKGEUB,https://shop.samsung.com/pt/Products/Smartphones/Galaxy-Z-Fold3//p/SM-F926BZKGEUB
SM-F926BZSDEUB,https://shop.samsung.com/pt/Products/Smartphones/Galaxy-Z-Fold3//p/SM-F926BZSDEUB
SM-R885FZKAPHE,https://shop.samsung.com/pt/Products/Wearables/Galaxy-Watch-Series/Galaxy-Watch4/Galaxy-Watch4-Classic-4G-%2842mm%29/p/SM-R885FZKAPHE
SM-R885FZSAPHE,https://shop.samsung.com/pt/Products/Wearables/Galaxy-Watch-Series/Galaxy-Watch4/Galaxy-Watch4-Classic-4G-%2842mm%29/p/SM-R885FZSAPHE
SM-F926BZSGEUB,https://shop.samsung.com/pt/Products/Smartphones/Galaxy-Z-Fold3//p/SM-F926BZSGEUB
SM-R890NZKAPHE,https://shop.samsung.com/pt/Products/Wearables/Galaxy-Watch-Series/Galaxy-Watch4/Galaxy-Watch4-Classic-Bluetooth-%2846mm%29/p/SM-R890NZKAPHE
SM-R890NZSAPHE,https://shop.samsung.com/pt/Products/Wearables/Galaxy-Watch-Series/Galaxy-Watch4/Galaxy-Watch4-Classic-Bluetooth-%2846mm%29/p/SM-R890NZSAPHE
SM-R880NZKAPHE,https://shop.samsung.com/pt/Products/Wearables/Galaxy-Watch-Series/Galaxy-Watch4/Galaxy-Watch4-Classic-Bluetooth-%2842mm%29/p/SM-R880NZKAPHE
SM-R880NZSAPHE,https://shop.samsung.com/pt/Products/Wearables/Galaxy-Watch-Series/Galaxy-Watch4/Galaxy-Watch4-Classic-Bluetooth-%2842mm%29/p/SM-R880NZSAPHE
SM-R865FZDAPHE,https://shop.samsung.com/pt/Products/Wearables/Galaxy-Watch-Series/Galaxy-Watch4/Galaxy-Watch4-4G-%2840mm%29/p/SM-R865FZDAPHE
SM-R865FZKAPHE,https://shop.samsung.com/pt/Products/Wearables/Galaxy-Watch-Series/Galaxy-Watch4/Galaxy-Watch4-4G-%2840mm%29/p/SM-R865FZKAPHE
SM-R865FZSAPHE,https://shop.samsung.com/pt/Products/Wearables/Galaxy-Watch-Series/Galaxy-Watch4/Galaxy-Watch4-4G-%2840mm%29/p/SM-R865FZSAPHE
SM-R870NZGAPHE,https://shop.samsung.com/pt/Products/Wearables/Galaxy-Watch-Series/Galaxy-Watch4/Galaxy-Watch4-Bluetooth-%2844mm%29/p/SM-R870NZGAPHE
SM-R870NZKAPHE,https://shop.samsung.com/pt/Products/Wearables/Galaxy-Watch-Series/Galaxy-Watch4/Galaxy-Watch4-Bluetooth-%2844mm%29/p/SM-R870NZKAPHE
SM-R870NZSAPHE,https://shop.samsung.com/pt/Products/Wearables/Galaxy-Watch-Series/Galaxy-Watch4/Galaxy-Watch4-Bluetooth-%2844mm%29/p/SM-R870NZSAPHE
SM-R875FZGAPHE,https://shop.samsung.com/pt/Products/Wearables/Galaxy-Watch-Series/Galaxy-Watch4/Galaxy-Watch4-4G-%2844mm%29/p/SM-R875FZGAPHE
SM-R875FZKAPHE,https://shop.samsung.com/pt/Products/Wearables/Galaxy-Watch-Series/Galaxy-Watch4/Galaxy-Watch4-4G-%2844mm%29/p/SM-R875FZKAPHE
SM-R875FZSAPHE,https://shop.samsung.com/pt/Products/Wearables/Galaxy-Watch-Series/Galaxy-Watch4/Galaxy-Watch4-4G-%2844mm%29/p/SM-R875FZSAPHE
EF-FF92PCBEGEW,https://shop.samsung.com/pt/Products/Accessories/Acess%C3%B3rios-Mobile/Acess%C3%B3rios-Galaxy-Z-Fold3/Capa-Flip-com-S-Pen-Galaxy-Z-Fold3/p/EF-FF92PCBEGEW
SM-R177NLVAPHE,https://shop.samsung.com/pt/Products/Wearables/Galaxy-Buds/Galaxy-Buds2/Galaxy-Buds2/p/SM-R177NLVAPHE
SM-R177NZGAPHE,https://shop.samsung.com/pt/Products/Wearables/Galaxy-Buds/Galaxy-Buds2/Galaxy-Buds2/p/SM-R177NZGAPHE
SM-R177NZKAPHE,https://shop.samsung.com/pt/Products/Wearables/Galaxy-Buds/Galaxy-Buds2/Galaxy-Buds2/p/SM-R177NZKAPHE
SM-R177NZWAPHE,https://shop.samsung.com/pt/Products/Wearables/Galaxy-Buds/Galaxy-Buds2/Galaxy-Buds2/p/SM-R177NZWAPHE
EF-FF926LAEGWW,https://shop.samsung.com/pt/Products/Accessories/Acess%C3%B3rios-Mobile/Acess%C3%B3rios-Galaxy-Z-Fold3/Capa-Flip-Pele-Galaxy-Z-Fold3/p/EF-FF926LAEGWW
EF-FF926LBEGWW,https://shop.samsung.com/pt/Products/Accessories/Acess%C3%B3rios-Mobile/Acess%C3%B3rios-Galaxy-Z-Fold3/Capa-Flip-Pele-Galaxy-Z-Fold3/p/EF-FF926LBEGWW
EF-PF926TBEGWW,https://shop.samsung.com/pt/Products/Accessories/Acess%C3%B3rios-Mobile/Acess%C3%B3rios-Galaxy-Z-Fold3/Capa-Silicone-Galaxy-Z-Fold3/p/EF-PF926TBEGWW
EF-PF926TGEGWW,https://shop.samsung.com/pt/Products/Accessories/Acess%C3%B3rios-Mobile/Acess%C3%B3rios-Galaxy-Z-Fold3/Capa-Silicone-Galaxy-Z-Fold3/p/EF-PF926TGEGWW
EF-PF926TWEGWW,https://shop.samsung.com/pt/Products/Accessories/Acess%C3%B3rios-Mobile/Acess%C3%B3rios-Galaxy-Z-Fold3/Capa-Silicone-Galaxy-Z-Fold3/p/EF-PF926TWEGWW
EF-VF926LAEGWW,https://shop.samsung.com/pt/Products/Accessories/Acess%C3%B3rios-Mobile/Acess%C3%B3rios-Galaxy-Z-Fold3/Capa-Pele-Galaxy-Z-Fold3/p/EF-VF926LAEGWW
EF-VF711LBEGWW,https://shop.samsung.com/pt/Products/Accessories/Acess%C3%B3rios-Mobile/Acess%C3%B3rios-Galaxy-Z-Flip3/Capa-Pele-Galaxy-Z-Flip3/p/EF-VF711LBEGWW
EF-PF711TNEGWW,https://shop.samsung.com/pt/Products/Accessories/Acess%C3%B3rios-Mobile/Acess%C3%B3rios-Galaxy-Z-Flip3/Capa-Silicone-com-Anel-Galaxy-Z-Flip3/p/EF-PF711TNEGWW
EF-VF926LBEGWW,https://shop.samsung.com/pt/Products/Accessories/Acess%C3%B3rios-Mobile/Acess%C3%B3rios-Galaxy-Z-Fold3/Capa-Pele-Galaxy-Z-Fold3/p/EF-VF926LBEGWW
EF-PF711TPEGWW,https://shop.samsung.com/pt/Products/Accessories/Acess%C3%B3rios-Mobile/Acess%C3%B3rios-Galaxy-Z-Flip3/Capa-Silicone-com-Anel-Galaxy-Z-Flip3/p/EF-PF711TPEGWW
EF-PF711TVEGWW,https://shop.samsung.com/pt/Products/Accessories/Acess%C3%B3rios-Mobile/Acess%C3%B3rios-Galaxy-Z-Flip3/Capa-Silicone-com-Anel-Galaxy-Z-Flip3/p/EF-PF711TVEGWW
EF-VF711LGEGWW,https://shop.samsung.com/pt/Products/Accessories/Acess%C3%B3rios-Mobile/Acess%C3%B3rios-Galaxy-Z-Flip3/Capa-Pele-Galaxy-Z-Flip3/p/EF-VF711LGEGWW
EF-VF926LGEGWW,https://shop.samsung.com/pt/Products/Accessories/Acess%C3%B3rios-Mobile/Acess%C3%B3rios-Galaxy-Z-Fold3/Capa-Pele-Galaxy-Z-Fold3/p/EF-VF926LGEGWW
EF-VF711LYEGWW,https://shop.samsung.com/pt/Products/Accessories/Acess%C3%B3rios-Mobile/Acess%C3%B3rios-Galaxy-Z-Flip3/Capa-Pele-Galaxy-Z-Flip3/p/EF-VF711LYEGWW
EF-XF711SBEGWW,https://shop.samsung.com/pt/Products/Accessories/Acess%C3%B3rios-Mobile/Acess%C3%B3rios-Galaxy-Z-Flip3/Capa-Aramid-Galaxy-Z-Flip3/p/EF-XF711SBEGWW
EF-XF926SBEGWW,https://shop.samsung.com/pt/Products/Accessories/Acess%C3%B3rios-Mobile/Acess%C3%B3rios-Galaxy-Z-Fold3/Capa-Aramid-Galaxy-Z-Fold3/p/EF-XF926SBEGWW
ET-SHR89LBEGEU,https://shop.samsung.com/pt/Products/Accessories/Wearable-Accessories/Acess%C3%B3rios-Galaxy-Watch4/Bracelete-Hybrid-Leather-M-L-Galaxy-Watch4/p/ET-SHR89LBEGEU
ET-SFR86SBEGEU,https://shop.samsung.com/pt/Products/Accessories/Wearable-Accessories/Acess%C3%B3rios-Galaxy-Watch4/Bracelete-Sport-S-M-Galaxy-Watch4/p/ET-SFR86SBEGEU
ET-SHR89LGEGEU,https://shop.samsung.com/pt/Products/Accessories/Wearable-Accessories/Acess%C3%B3rios-Galaxy-Watch4/Bracelete-Hybrid-Leather-M-L-Galaxy-Watch4/p/ET-SHR89LGEGEU
ET-SHR89LNEGEU,https://shop.samsung.com/pt/Products/Accessories/Wearable-Accessories/Acess%C3%B3rios-Galaxy-Watch4/Bracelete-Hybrid-Leather-M-L-Galaxy-Watch4/p/ET-SHR89LNEGEU
ET-SFR86SGEGEU,https://shop.samsung.com/pt/Products/Accessories/Wearable-Accessories/Acess%C3%B3rios-Galaxy-Watch4/Bracelete-Sport-S-M-Galaxy-Watch4/p/ET-SFR86SGEGEU
ET-SHR89LREGEU,https://shop.samsung.com/pt/Products/Accessories/Wearable-Accessories/Acess%C3%B3rios-Galaxy-Watch4/Bracelete-Hybrid-Leather-M-L-Galaxy-Watch4/p/ET-SHR89LREGEU
ET-SFR86SMEGEU,https://shop.samsung.com/pt/Products/Accessories/Wearable-Accessories/Acess%C3%B3rios-Galaxy-Watch4/Bracelete-Sport-S-M-Galaxy-Watch4/p/ET-SFR86SMEGEU
ET-SHR89LSEGEU,https://shop.samsung.com/pt/Products/Accessories/Wearable-Accessories/Acess%C3%B3rios-Galaxy-Watch4/Bracelete-Hybrid-Leather-M-L-Galaxy-Watch4/p/ET-SHR89LSEGEU
ET-SFR86SNEGEU,https://shop.samsung.com/pt/Products/Accessories/Wearable-Accessories/Acess%C3%B3rios-Galaxy-Watch4/Bracelete-Sport-S-M-Galaxy-Watch4/p/ET-SFR86SNEGEU
ET-SFR87LBEGEU,https://shop.samsung.com/pt/Products/Accessories/Wearable-Accessories/Acess%C3%B3rios-Galaxy-Watch4/Bracelete-Sport-M-L-Galaxy-Watch4/p/ET-SFR87LBEGEU
ET-SHR89LYEGEU,https://shop.samsung.com/pt/Products/Accessories/Wearable-Accessories/Acess%C3%B3rios-Galaxy-Watch4/Bracelete-Hybrid-Leather-M-L-Galaxy-Watch4/p/ET-SHR89LYEGEU
ET-SFR86SREGEU,https://shop.samsung.com/pt/Products/Accessories/Wearable-Accessories/Acess%C3%B3rios-Galaxy-Watch4/Bracelete-Sport-S-M-Galaxy-Watch4/p/ET-SFR86SREGEU
ET-SFR87LGEGEU,https://shop.samsung.com/pt/Products/Accessories/Wearable-Accessories/Acess%C3%B3rios-Galaxy-Watch4/Bracelete-Sport-M-L-Galaxy-Watch4/p/ET-SFR87LGEGEU
ET-SFR86SSEGEU,https://shop.samsung.com/pt/Products/Accessories/Wearable-Accessories/Acess%C3%B3rios-Galaxy-Watch4/Bracelete-Sport-S-M-Galaxy-Watch4/p/ET-SFR86SSEGEU
ET-SFR87LMEGEU,https://shop.samsung.com/pt/Products/Accessories/Wearable-Accessories/Acess%C3%B3rios-Galaxy-Watch4/Bracelete-Sport-M-L-Galaxy-Watch4/p/ET-SFR87LMEGEU
ET-SFR86SYEGEU,https://shop.samsung.com/pt/Products/Accessories/Wearable-Accessories/Acess%C3%B3rios-Galaxy-Watch4/Bracelete-Sport-S-M-Galaxy-Watch4/p/ET-SFR86SYEGEU
ET-SFR87LNEGEU,https://shop.samsung.com/pt/Products/Accessories/Wearable-Accessories/Acess%C3%B3rios-Galaxy-Watch4/Bracelete-Sport-M-L-Galaxy-Watch4/p/ET-SFR87LNEGEU
ET-SFR87LREGEU,https://shop.samsung.com/pt/Products/Accessories/Wearable-Accessories/Acess%C3%B3rios-Galaxy-Watch4/Bracelete-Sport-M-L-Galaxy-Watch4/p/ET-SFR87LREGEU
ET-SFR87LSEGEU,https://shop.samsung.com/pt/Products/Accessories/Wearable-Accessories/Acess%C3%B3rios-Galaxy-Watch4/Bracelete-Sport-M-L-Galaxy-Watch4/p/ET-SFR87LSEGEU
SM-R860NZKAPHE,https://shop.samsung.com/pt/Products/Wearables/Galaxy-Watch-Series/Galaxy-Watch4/Galaxy-Watch4-Bluetooth-%2840mm%29/p/SM-R860NZKAPHE
ET-SFR87LYEGEU,https://shop.samsung.com/pt/Products/Accessories/Wearable-Accessories/Acess%C3%B3rios-Galaxy-Watch4/Bracelete-Sport-M-L-Galaxy-Watch4/p/ET-SFR87LYEGEU
EI-T7300BLEGEU,https://shop.samsung.com/pt/Products/Accessories/Galaxy-SmartTag/Galaxy-SmartTag%2B/p/EI-T7300BLEGEU
SM-R860NZDAPHE,https://shop.samsung.com/pt/Products/Wearables/Galaxy-Watch-Series/Galaxy-Watch4/Galaxy-Watch4-Bluetooth-%2840mm%29/p/SM-R860NZDAPHE
EF-QF711CTEGWW,https://shop.samsung.com/pt/Products/Accessories/Acess%C3%B3rios-Mobile/Acess%C3%B3rios-Galaxy-Z-Flip3/Capa-Silicone-Transparente-com-Anel-Galaxy-Z-Flip3/p/EF-QF711CTEGWW
SM-F711BLIBEUB,https://shop.samsung.com/pt/Products/Smartphones/Galaxy-Z-Flip3/Galaxy-Z-Flip3-5G/p/SM-F711BLIBEUB
SM-F711BZAFEUB,https://shop.samsung.com/pt/Products/Smartphones/Galaxy-Z-Flip3/Galaxy-Z-Flip3-5G/p/SM-F711BZAFEUB
SM-F711BZABEUB,https://shop.samsung.com/pt/Products/Smartphones/Galaxy-Z-Flip3/Galaxy-Z-Flip3-5G/p/SM-F711BZABEUB
SM-F711BZWFEUB,https://shop.samsung.com/pt/Products/Smartphones/Galaxy-Z-Flip3/Galaxy-Z-Flip3-5G/p/SM-F711BZWFEUB
SM-R895FZKAPHE,https://shop.samsung.com/pt/Products/Wearables/Galaxy-Watch-Series/Galaxy-Watch4/Galaxy-Watch4-Classic-4G-%2846mm%29/p/SM-R895FZKAPHE
SM-R895FZSAPHE,https://shop.samsung.com/pt/Products/Wearables/Galaxy-Watch-Series/Galaxy-Watch4/Galaxy-Watch4-Classic-4G-%2846mm%29/p/SM-R895FZSAPHE
SM-F711BLIFEUB,https://shop.samsung.com/pt/Products/Smartphones/Galaxy-Z-Flip3/Galaxy-Z-Flip3-5G/p/SM-F711BLIFEUB
EF-GF711TNEGWW,https://shop.samsung.com/pt/Products/Accessories/Acess%C3%B3rios-Mobile/Acess%C3%B3rios-Galaxy-Z-Flip3/Capa-Silicone-com-Fita-Galaxy-Z-Flip3/p/EF-GF711TNEGWW
ET-SHR88SAEGEU,https://shop.samsung.com/pt/Products/Accessories/Wearable-Accessories/Acess%C3%B3rios-Galaxy-Watch4/Bracelete-Hybrid-Leather-S-M-Galaxy-Watch4/p/ET-SHR88SAEGEU
ET-SHR88SBEGEU,https://shop.samsung.com/pt/Products/Accessories/Wearable-Accessories/Acess%C3%B3rios-Galaxy-Watch4/Bracelete-Hybrid-Leather-S-M-Galaxy-Watch4/p/ET-SHR88SBEGEU
ET-SHR88SNEGEU,https://shop.samsung.com/pt/Products/Accessories/Wearable-Accessories/Acess%C3%B3rios-Galaxy-Watch4/Bracelete-Hybrid-Leather-S-M-Galaxy-Watch4/p/ET-SHR88SNEGEU
ET-SHR88SREGEU,https://shop.samsung.com/pt/Products/Accessories/Wearable-Accessories/Acess%C3%B3rios-Galaxy-Watch4/Bracelete-Hybrid-Leather-S-M-Galaxy-Watch4/p/ET-SHR88SREGEU
ET-SHR88SSEGEU,https://shop.samsung.com/pt/Products/Accessories/Wearable-Accessories/Acess%C3%B3rios-Galaxy-Watch4/Bracelete-Hybrid-Leather-S-M-Galaxy-Watch4/p/ET-SHR88SSEGEU
SM-F711BZWBEUB,https://shop.samsung.com/pt/Products/Smartphones/Galaxy-Z-Flip3/Galaxy-Z-Flip3-5G/p/SM-F711BZWBEUB
ET-SHR88SYEGEU,https://shop.samsung.com/pt/Products/Accessories/Wearable-Accessories/Acess%C3%B3rios-Galaxy-Watch4/Bracelete-Hybrid-Leather-S-M-Galaxy-Watch4/p/ET-SHR88SYEGEU
ET-SHR88SGEGEU,https://shop.samsung.com/pt/Products/Accessories/Wearable-Accessories/Acess%C3%B3rios-Galaxy-Watch4/Bracelete-Hybrid-Leather-S-M-Galaxy-Watch4/p/ET-SHR88SGEGEU
SM-R860NZSAPHE,https://shop.samsung.com/pt/Products/Wearables/Galaxy-Watch-Series/Galaxy-Watch4/Galaxy-Watch4-Bluetooth-%2840mm%29/p/SM-R860NZSAPHE
EF-GF711TWEGWW,https://shop.samsung.com/pt/Products/Accessories/Acess%C3%B3rios-Mobile/Acess%C3%B3rios-Galaxy-Z-Flip3/Capa-Silicone-com-Fita-Galaxy-Z-Flip3/p/EF-GF711TWEGWW
ET-SHR88SPEGEU,https://shop.samsung.com/pt/Products/Accessories/Wearable-Accessories/Acess%C3%B3rios-Galaxy-Watch4/Bracelete-Hybrid-Leather-S-M-Galaxy-Watch4/p/ET-SHR88SPEGEU
EF-FF92KKBEGEW,https://shop.samsung.com/pt/Products/Accessories/Acess%C3%B3rios-Mobile/Acess%C3%B3rios-Galaxy-Z-Fold3/Note-Pack-%28Capa-c-S-Pen-%2B-Carregador%29/p/EF-FF92KKBEGEW
ET-SHR89LWEGEU,https://shop.samsung.com/pt/Products/Accessories/Wearable-Accessories/Acess%C3%B3rios-Galaxy-Watch4/Bracelete-Hybrid-Leather-M-L-Galaxy-Watch4/p/ET-SHR89LWEGEU
ET-SFR86SWEGEU,https://shop.samsung.com/pt/Products/Accessories/Wearable-Accessories/Acess%C3%B3rios-Galaxy-Watch4/Bracelete-Sport-S-M-Galaxy-Watch4/p/ET-SFR86SWEGEU
EF-PF711TGEGWW,https://shop.samsung.com/pt/Products/Accessories/Acess%C3%B3rios-Mobile/Acess%C3%B3rios-Galaxy-Z-Flip3/Capa-Silicone-com-Anel-Galaxy-Z-Flip3/p/EF-PF711TGEGWW
ET-SFR87LPEGEU,https://shop.samsung.com/pt/Products/Accessories/Wearable-Accessories/Acess%C3%B3rios-Galaxy-Watch4/Bracelete-Sport-M-L-Galaxy-Watch4/p/ET-SFR87LPEGEU
EJ-PF926BBEGEU,https://shop.samsung.com/pt/Products/Accessories/Acess%C3%B3rios-Mobile/Acess%C3%B3rios-Galaxy-Z-Fold3/S-Pen-Galaxy-Fold-Edition/p/EJ-PF926BBEGEU
ET-SXR86SBEGEU,https://shop.samsung.com/pt/Products/Accessories/Wearable-Accessories/Acess%C3%B3rios-Galaxy-Watch4/Bracelete-Extreme-Sport-S-M-Galaxy-Watch4/p/ET-SXR86SBEGEU
ET-SFR86SPEGEU,https://shop.samsung.com/pt/Products/Accessories/Wearable-Accessories/Acess%C3%B3rios-Galaxy-Watch4/Bracelete-Sport-S-M-Galaxy-Watch4/p/ET-SFR86SPEGEU
ET-SXR86SNEGEU,https://shop.samsung.com/pt/Products/Accessories/Wearable-Accessories/Acess%C3%B3rios-Galaxy-Watch4/Bracelete-Extreme-Sport-S-M-Galaxy-Watch4/p/ET-SXR86SNEGEU
ET-SXR86SPEGEU,https://shop.samsung.com/pt/Products/Accessories/Wearable-Accessories/Acess%C3%B3rios-Galaxy-Watch4/Bracelete-Extreme-Sport-S-M-Galaxy-Watch4/p/ET-SXR86SPEGEU
ET-SXR86SWEGEU,https://shop.samsung.com/pt/Products/Accessories/Wearable-Accessories/Acess%C3%B3rios-Galaxy-Watch4/Bracelete-Extreme-Sport-S-M-Galaxy-Watch4/p/ET-SXR86SWEGEU
ET-SFR88SBEGEU,https://shop.samsung.com/pt/Products/Accessories/Wearable-Accessories/Acess%C3%B3rios-Galaxy-Watch4/Bracelete-Ridge-S-M-Galaxy-Watch4/p/ET-SFR88SBEGEU
ET-SFR88SGEGEU,https://shop.samsung.com/pt/Products/Accessories/Wearable-Accessories/Acess%C3%B3rios-Galaxy-Watch4/Bracelete-Ridge-S-M-Galaxy-Watch4/p/ET-SFR88SGEGEU
ET-SFR89LBEGEU,https://shop.samsung.com/pt/Products/Accessories/Wearable-Accessories/Acess%C3%B3rios-Galaxy-Watch4/Bracelete-Ridge-M-L-Galaxy-Watch4/p/ET-SFR89LBEGEU
ET-SFR88SNEGEU,https://shop.samsung.com/pt/Products/Accessories/Wearable-Accessories/Acess%C3%B3rios-Galaxy-Watch4/Bracelete-Ridge-S-M-Galaxy-Watch4/p/ET-SFR88SNEGEU
ET-SFR88SSEGEU,https://shop.samsung.com/pt/Products/Accessories/Wearable-Accessories/Acess%C3%B3rios-Galaxy-Watch4/Bracelete-Ridge-S-M-Galaxy-Watch4/p/ET-SFR88SSEGEU
ET-SFR89LGEGEU,https://shop.samsung.com/pt/Products/Accessories/Wearable-Accessories/Acess%C3%B3rios-Galaxy-Watch4/Bracelete-Ridge-M-L-Galaxy-Watch4/p/ET-SFR89LGEGEU
ET-SXR87LBEGEU,https://shop.samsung.com/pt/Products/Accessories/Wearable-Accessories/Acess%C3%B3rios-Galaxy-Watch4/Bracelete-Extreme-Sport-M-L-Galaxy-Watch4/p/ET-SXR87LBEGEU
ET-SFR88SWEGEU,https://shop.samsung.com/pt/Products/Accessories/Wearable-Accessories/Acess%C3%B3rios-Galaxy-Watch4/Bracelete-Ridge-S-M-Galaxy-Watch4/p/ET-SFR88SWEGEU
ET-SFR89LNEGEU,https://shop.samsung.com/pt/Products/Accessories/Wearable-Accessories/Acess%C3%B3rios-Galaxy-Watch4/Bracelete-Ridge-M-L-Galaxy-Watch4/p/ET-SFR89LNEGEU
ET-SFR89LSEGEU,https://shop.samsung.com/pt/Products/Accessories/Wearable-Accessories/Acess%C3%B3rios-Galaxy-Watch4/Bracelete-Ridge-M-L-Galaxy-Watch4/p/ET-SFR89LSEGEU
ET-SXR87LNEGEU,https://shop.samsung.com/pt/Products/Accessories/Wearable-Accessories/Acess%C3%B3rios-Galaxy-Watch4/Bracelete-Extreme-Sport-M-L-Galaxy-Watch4/p/ET-SXR87LNEGEU
ET-SFR89LWEGEU,https://shop.samsung.com/pt/Products/Accessories/Wearable-Accessories/Acess%C3%B3rios-Galaxy-Watch4/Bracelete-Ridge-M-L-Galaxy-Watch4/p/ET-SFR89LWEGEU
ET-SXR87LPEGEU,https://shop.samsung.com/pt/Products/Accessories/Wearable-Accessories/Acess%C3%B3rios-Galaxy-Watch4/Bracelete-Extreme-Sport-M-L-Galaxy-Watch4/p/ET-SXR87LPEGEU
ET-SHR89LPEGEU,https://shop.samsung.com/pt/Products/Accessories/Wearable-Accessories/Acess%C3%B3rios-Galaxy-Watch4/Bracelete-Hybrid-Leather-M-L-Galaxy-Watch4/p/ET-SHR89LPEGEU
ET-SXR87LWEGEU,https://shop.samsung.com/pt/Products/Accessories/Wearable-Accessories/Acess%C3%B3rios-Galaxy-Watch4/Bracelete-Extreme-Sport-M-L-Galaxy-Watch4/p/ET-SXR87LWEGEU
ET-SHR88SWEGEU,https://shop.samsung.com/pt/Products/Accessories/Wearable-Accessories/Acess%C3%B3rios-Galaxy-Watch4/Bracelete-Hybrid-Leather-S-M-Galaxy-Watch4/p/ET-SHR88SWEGEU
ET-SFR87LWEGEU,https://shop.samsung.com/pt/Products/Accessories/Wearable-Accessories/Acess%C3%B3rios-Galaxy-Watch4/Bracelete-Sport-M-L-Galaxy-Watch4/p/ET-SFR87LWEGEU
SM-M325FLBGEUB,https://shop.samsung.com/pt/Products/Smartphones/Galaxy-M-Series/Galaxy-M32/p/SM-M325FLBGEUB
SM-M325FZWGEUB,https://shop.samsung.com/pt/Products/Smartphones/Galaxy-M-Series/Galaxy-M32/p/SM-M325FZWGEUB
GP-TYR870SAABW,https://shop.samsung.com/pt/Products/Accessories/Wearable-Accessories/Bracelete-Milanese-%28M-L%29-Galaxy-Watch4/p/GP-TYR870SAABW
GP-TYR870SAASW,https://shop.samsung.com/pt/Products/Accessories/Wearable-Accessories/Bracelete-Milanese-%28M-L%29-Galaxy-Watch4/p/GP-TYR870SAASW
GP-TYR860SAABW,https://shop.samsung.com/pt/Products/Accessories/Wearable-Accessories/Bracelete-Milanese-%28S-M%29-Galaxy-Watch4/p/GP-TYR860SAABW
GP-TYR860SAASW,https://shop.samsung.com/pt/Products/Accessories/Wearable-Accessories/Bracelete-Milanese-%28S-M%29-Galaxy-Watch4/p/GP-TYR860SAASW
SM-A528BLVDEUB,https://shop.samsung.com/pt/Products/Smartphones/Galaxy-A-Series/Galaxy-A52s-5G-%28SM-A528%29/p/SM-A528BLVDEUB
SM-T733NLGAEUB,https://shop.samsung.com/pt/Products/Tablets/Galaxy-Tab-S-Series/Galaxy-Tab-S7-FE-WIFI/p/SM-T733NLGAEUB
SM-T733NLGEEUB,https://shop.samsung.com/pt/Products/Tablets/Galaxy-Tab-S-Series/Galaxy-Tab-S7-FE-WIFI/p/SM-T733NLGEEUB
SM-T733NLIAEUB,https://shop.samsung.com/pt/Products/Tablets/Galaxy-Tab-S-Series/Galaxy-Tab-S7-FE-WIFI/p/SM-T733NLIAEUB
SM-T733NZKAEUB,https://shop.samsung.com/pt/Products/Tablets/Galaxy-Tab-S-Series/Galaxy-Tab-S7-FE-WIFI/p/SM-T733NZKAEUB
SM-T733NZKEEUB,https://shop.samsung.com/pt/Products/Tablets/Galaxy-Tab-S-Series/Galaxy-Tab-S7-FE-WIFI/p/SM-T733NZKEEUB
SM-T733NZSAEUB,https://shop.samsung.com/pt/Products/Tablets/Galaxy-Tab-S-Series/Galaxy-Tab-S7-FE-WIFI/p/SM-T733NZSAEUB
SM-T733NZSEEUB,https://shop.samsung.com/pt/Products/Tablets/Galaxy-Tab-S-Series/Galaxy-Tab-S7-FE-WIFI/p/SM-T733NZSEEUB
LS27AG500NUXEN,https://shop.samsung.com/pt/Products/Monitors/Monitor-Gaming-QHD-27%22-Odyssey-G5-165hz/p/LS27AG500NUXEN
LS27AG300NUXEN,https://shop.samsung.com/pt/Products/Monitors/Monitor-Gaming-FHD-Odyssey-G3-taxa-de-atualiza%C3%A7%C3%A3o-144hz%2C-tempo-de-resposta-1ms/p/LS27AG300NUXEN
LS27A800UJUXEN,https://shop.samsung.com/pt/Products/Monitors/Monitor-profissional-UHD-27%22-com-painel-IPS-e-USB-tipo-C/p/LS27A800UJUXEN
LS24A600UCUXEN,https://shop.samsung.com/pt/Products/Monitors/Monitor-QHD-24%22-com-painel-IPS-e-USB-tipo-C/p/LS24A600UCUXEN
LS32A600UUUXEN,https://shop.samsung.com/pt/Products/Monitors/Monitor-QHD-24%22-com-painel-IPS-e-USB-tipo-C/p/LS32A600UUUXEN
SM-A127FZBKEUB,https://shop.samsung.com/pt/Products/Smartphones/Galaxy-A-Series/Galaxy-A12-%28A127%29/p/SM-A127FZBKEUB
SM-A127FZBVEUB,https://shop.samsung.com/pt/Products/Smartphones/Galaxy-A-Series/Galaxy-A12-%28A127%29/p/SM-A127FZBVEUB
SM-A127FZKKEUB,https://shop.samsung.com/pt/Products/Smartphones/Galaxy-A-Series/Galaxy-A12-%28A127%29/p/SM-A127FZKKEUB
SM-A127FZKUEUB,https://shop.samsung.com/pt/Products/Smartphones/Galaxy-A-Series/Galaxy-A12-%28A127%29/p/SM-A127FZKUEUB
SM-A127FZKVEUB,https://shop.samsung.com/pt/Products/Smartphones/Galaxy-A-Series/Galaxy-A12-%28A127%29/p/SM-A127FZKVEUB
SM-M225FLBGEUB,https://shop.samsung.com/pt/Products/Smartphones/Galaxy-M-Series/Galaxy-M22/p/SM-M225FLBGEUB
SM-M225FZKGEUB,https://shop.samsung.com/pt/Products/Smartphones/Galaxy-M-Series/Galaxy-M22/p/SM-M225FZKGEUB
SM-M225FZWGEUB,https://shop.samsung.com/pt/Products/Smartphones/Galaxy-M-Series/Galaxy-M22/p/SM-M225FZWGEUB
GP-FPM225KDABW,https://shop.samsung.com/pt/Products/Accessories/Acess%C3%B3rios-Mobile/Capa-Galaxy-M22/p/GP-FPM225KDABW
GP-FPM325KDABW,https://shop.samsung.com/pt/Products/Accessories/Acess%C3%B3rios-Mobile/Capa-Galaxy-M32/p/GP-FPM325KDABW
SM-M526BLBDEUB,https://shop.samsung.com/pt/Products/Smartphones/Galaxy-M-Series/Galaxy-M52-5G/p/SM-M526BLBDEUB
SM-M526BZKDEUB,https://shop.samsung.com/pt/Products/Smartphones/Galaxy-M-Series/Galaxy-M52-5G/p/SM-M526BZKDEUB
SM-M526BZWDEUB,https://shop.samsung.com/pt/Products/Smartphones/Galaxy-M-Series/Galaxy-M52-5G/p/SM-M526BZWDEUB
WD12T504DWW/S3,https://shop.samsung.com/pt/Products/Washing-machine/EcoBubble%E2%84%A2/WD12T504DWW%2C-M%C3%A1q-Lavar-e-Secar%2C-EcoBubble%2C-12kg/p/WD12T504DWW/S3
SM-M526BLBGEUB,https://shop.samsung.com/pt/Products/Smartphones/Galaxy-M-Series/Galaxy-M52-5G/p/SM-M526BLBGEUB
SM-M526BZWGEUB,https://shop.samsung.com/pt/Products/Smartphones/Galaxy-M-Series/Galaxy-M52-5G/p/SM-M526BZWGEUB
SM-F711BZKBEUB,https://shop.samsung.com/pt/Products/Smartphones/Galaxy-Z-Flip3/Galaxy-Z-Flip3-5G/p/SM-F711BZKBEUB
SM-F711BZEBEUB,https://shop.samsung.com/pt/Products/Smartphones/Galaxy-Z-Flip3/Galaxy-Z-Flip3-5G/p/SM-F711BZEBEUB
SM-F711BZGBEUB,https://shop.samsung.com/pt/Products/Smartphones/Galaxy-Z-Flip3/Galaxy-Z-Flip3-5G/p/SM-F711BZGBEUB
SM-F711BLVBEUB,https://shop.samsung.com/pt/Products/Smartphones/Galaxy-Z-Flip3/Galaxy-Z-Flip3-5G/p/SM-F711BLVBEUB
SM-F711BZKFEUB,https://shop.samsung.com/pt/Products/Smartphones/Galaxy-Z-Flip3/Galaxy-Z-Flip3-5G/p/SM-F711BZKFEUB
SM-F711BZEFEUB,https://shop.samsung.com/pt/Products/Smartphones/Galaxy-Z-Flip3/Galaxy-Z-Flip3-5G/p/SM-F711BZEFEUB
SM-F711BZGFEUB,https://shop.samsung.com/pt/Products/Smartphones/Galaxy-Z-Flip3/Galaxy-Z-Flip3-5G/p/SM-F711BZGFEUB
SM-F711BLVFEUB,https://shop.samsung.com/pt/Products/Smartphones/Galaxy-Z-Flip3/Galaxy-Z-Flip3-5G/p/SM-F711BLVFEUB
WMN750M/XC,https://shop.samsung.com/pt/Products/Accessories/TV-Accessories/Mini-Wall-Mount-%2837%E2%80%9D%E2%80%9365%E2%80%9D%29/p/WMN750M/XC
VG-SCFA43BWBXC,https://shop.samsung.com/pt/Comom/CTV-%3A-Color-TV/Moldura-The-Frame-43%22/p/VG-SCFA43BWBXC
VG-SCFA43TKBXC,https://shop.samsung.com/pt/Comom/CTV-%3A-Color-TV/Moldura-The-Frame-43%22/p/VG-SCFA43TKBXC
VG-SCFA43WTBXC,https://shop.samsung.com/pt/Comom/CTV-%3A-Color-TV/Moldura-The-Frame-43%22/p/VG-SCFA43WTBXC
VG-SCFA50BWBXC,https://shop.samsung.com/pt/Comom/CTV-%3A-Color-TV/Moldura-The-Frame-50%22/p/VG-SCFA50BWBXC
VG-SCFA50TKBXC,https://shop.samsung.com/pt/Comom/CTV-%3A-Color-TV/Moldura-The-Frame-50%22/p/VG-SCFA50TKBXC
VG-SCFA50WTBXC,https://shop.samsung.com/pt/Comom/CTV-%3A-Color-TV/Moldura-The-Frame-50%22/p/VG-SCFA50WTBXC
VG-SCFA55BWBXC,https://shop.samsung.com/pt/Comom/CTV-%3A-Color-TV/Moldura-The-Frame-55%22/p/VG-SCFA55BWBXC
VG-SCFA55TKBXC,https://shop.samsung.com/pt/Comom/CTV-%3A-Color-TV/Moldura-The-Frame-55%22/p/VG-SCFA55TKBXC
VG-SCFA55TRCXC,https://shop.samsung.com/pt/Comom/CTV-%3A-Color-TV/Moldura-The-Frame-55%22/p/VG-SCFA55TRCXC
VG-SCFA55WTBXC,https://shop.samsung.com/pt/Comom/CTV-%3A-Color-TV/Moldura-The-Frame-55%22/p/VG-SCFA55WTBXC
VG-SCFA55WTCXC,https://shop.samsung.com/pt/Comom/CTV-%3A-Color-TV/Moldura-The-Frame-55%22/p/VG-SCFA55WTCXC
VG-SCFA65TKBXC,https://shop.samsung.com/pt/Comom/CTV-%3A-Color-TV/Moldura-The-Frame-65%22/p/VG-SCFA65TKBXC
VG-SCFA65TRCXC,https://shop.samsung.com/pt/Comom/CTV-%3A-Color-TV/Moldura-The-Frame-65%22/p/VG-SCFA65TRCXC
VG-SCFA65WTBXC,https://shop.samsung.com/pt/Comom/CTV-%3A-Color-TV/Moldura-The-Frame-65%22/p/VG-SCFA65WTBXC
VG-SCFA65WTCXC,https://shop.samsung.com/pt/Comom/CTV-%3A-Color-TV/Moldura-The-Frame-65%22/p/VG-SCFA65WTCXC
VG-SCFA75BWBXC,https://shop.samsung.com/pt/Comom/CTV-%3A-Color-TV/Moldura-The-Frame-75%22/p/VG-SCFA75BWBXC
VG-SCFA75TKBXC,https://shop.samsung.com/pt/Comom/CTV-%3A-Color-TV/Moldura-The-Frame-75%22/p/VG-SCFA75TKBXC
VG-SCFA75WTBXC,https://shop.samsung.com/pt/Comom/CTV-%3A-Color-TV/Moldura-The-Frame-75%22/p/VG-SCFA75WTBXC
WMN4070TT/XC,https://shop.samsung.com/pt/Products/Accessories/TV-Accessories/Suporte-de-Parede-The-Terrace-55%22/p/WMN4070TT/XC
WMN4277TT/XC,https://shop.samsung.com/pt/Products/Accessories/TV-Accessories/Suporte-de-Parede-The-Terrace-65%22-%7C-75%22/p/WMN4277TT/XC
WMN-A50EB/XC,https://shop.samsung.com/pt/Products/Accessories/TV-Accessories/Suporte-de-Parede-Slim-Fit/p/WMN-A50EB/XC
VG-SESA11K/XC,https://shop.samsung.com/pt/Products/Accessories/TV-Accessories/2021-Suporte-Studio-Stand/p/VG-SESA11K/XC
SM-A528BZKCEUB,https://shop.samsung.com/pt/Products/Smartphones/Galaxy-A-Series/Galaxy-A52s-5G-%28SM-A528%29/p/SM-A528BZKCEUB
SM-A528BLVCEUB,https://shop.samsung.com/pt/Products/Smartphones/Galaxy-A-Series/Galaxy-A52s-5G-%28SM-A528%29/p/SM-A528BLVCEUB
SM-A528BZWHEUB,https://shop.samsung.com/pt/Products/Smartphones/Galaxy-A-Series/Galaxy-A52s-5G-%28SM-A528%29/p/SM-A528BZWHEUB
VCA-VP54T,https://shop.samsung.com/pt/Products/Accessories/Appliance-Accessories/VCA-VP54T---Sacos-de-p%C3%B3/p/VCA-VP54T
VCA-SBTA60,https://shop.samsung.com/pt/Products/Accessories/Appliance-Accessories/VCA-SBTA60---Bateria-Jet-60/p/VCA-SBTA60
VCA-SBT90E,https://shop.samsung.com/pt/Products/Accessories/Appliance-Accessories/VCA-SBT90E---Bateria-Jet-70/p/VCA-SBT90E
MB-MD128KA/EU,https://shop.samsung.com/pt/Products/IT/Armazenamento/MSD-Pro-Plus/p/MB-MD128KA/EU
MB-MD256KA/EU,https://shop.samsung.com/pt/Products/IT/Armazenamento/MSD-Pro-Plus/p/MB-MD256KA/EU
MB-MD512KA/EU,https://shop.samsung.com/pt/Products/IT/Armazenamento/MSD-Pro-Plus/p/MB-MD512KA/EU
QE55QN750ATXXC,https://shop.samsung.com/pt/Products/TV/Neo-QLED/QN750A-Smart-TV-8K-Neo-QLED-2021/p/QE55QN750ATXXC
QE65QN750ATXXC,https://shop.samsung.com/pt/Products/TV/Neo-QLED/QN750A-Smart-TV-8K-Neo-QLED-2021/p/QE65QN750ATXXC
MB-MC128KA/EU,https://shop.samsung.com/pt/Products/IT/Armazenamento/MSD-Evo-Plus/p/MB-MC128KA/EU
MB-MC256KA/EU,https://shop.samsung.com/pt/Products/IT/Armazenamento/MSD-Evo-Plus/p/MB-MC256KA/EU
MB-MC512KA/EU,https://shop.samsung.com/pt/Products/IT/Armazenamento/MSD-Evo-Plus/p/MB-MC512KA/EU
MB-MC64KA/EU,https://shop.samsung.com/pt/Products/IT/Armazenamento/MSD-Evo-Plus/p/MB-MC64KA/EU
MU-PA1T0B/EU,https://shop.samsung.com/pt/Products/IT/Armazenamento//p/MU-PA1T0B/EU
EF-GG990TNEGWW,https://shop.samsung.com/pt/Products/Accessories/Acess%C3%B3rios-Galaxy-S21//p/EF-GG990TNEGWW
EF-GG990TWEGWW,https://shop.samsung.com/pt/Products/Accessories/Acess%C3%B3rios-Galaxy-S21//p/EF-GG990TWEGWW
EF-JG990CTEGWW,https://shop.samsung.com/pt/Products/Accessories/Acess%C3%B3rios-Galaxy-S21//p/EF-JG990CTEGWW
EF-PG990TBEGWW,https://shop.samsung.com/pt/Products/Accessories/Acess%C3%B3rios-Galaxy-S21//p/EF-PG990TBEGWW
EF-PG990TMEGWW,https://shop.samsung.com/pt/Products/Accessories/Acess%C3%B3rios-Galaxy-S21//p/EF-PG990TMEGWW
EF-PG990TPEGWW,https://shop.samsung.com/pt/Products/Accessories/Acess%C3%B3rios-Galaxy-S21//p/EF-PG990TPEGWW
EF-PG990TVEGWW,https://shop.samsung.com/pt/Products/Accessories/Acess%C3%B3rios-Galaxy-S21//p/EF-PG990TVEGWW
EF-PG990TWEGWW,https://shop.samsung.com/pt/Products/Accessories/Acess%C3%B3rios-Galaxy-S21//p/EF-PG990TWEGWW
EF-XG990CBEGWW,https://shop.samsung.com/pt/Products/Accessories/Acess%C3%B3rios-Galaxy-S21//p/EF-XG990CBEGWW
EF-XG990CMEGWW,https://shop.samsung.com/pt/Products/Accessories/Acess%C3%B3rios-Galaxy-S21//p/EF-XG990CMEGWW
EF-XG990CVEGWW,https://shop.samsung.com/pt/Products/Accessories/Acess%C3%B3rios-Galaxy-S21//p/EF-XG990CVEGWW
EF-XG990CWEGWW,https://shop.samsung.com/pt/Products/Accessories/Acess%C3%B3rios-Galaxy-S21//p/EF-XG990CWEGWW
EF-ZG990CBEGEW,https://shop.samsung.com/pt/Products/Accessories/Acess%C3%B3rios-Galaxy-S21//p/EF-ZG990CBEGEW
EF-ZG990CMEGEW,https://shop.samsung.com/pt/Products/Accessories/Acess%C3%B3rios-Galaxy-S21//p/EF-ZG990CMEGEW
EF-ZG990CVEGEW,https://shop.samsung.com/pt/Products/Accessories/Acess%C3%B3rios-Galaxy-S21//p/EF-ZG990CVEGEW
EF-ZG990CWEGEW,https://shop.samsung.com/pt/Products/Accessories/Acess%C3%B3rios-Galaxy-S21//p/EF-ZG990CWEGEW
SM-G990BLGDEUB,https://shop.samsung.com/pt/Products/Smartphones/Galaxy-S21-Series/Galaxy-S21-FE-5G/p/SM-G990BLGDEUB
SM-G990BLGGEUB,https://shop.samsung.com/pt/Products/Smartphones/Galaxy-S21-Series/Galaxy-S21-FE-5G/p/SM-G990BLGGEUB
SM-G990BLVDEUB,https://shop.samsung.com/pt/Products/Smartphones/Galaxy-S21-Series/Galaxy-S21-FE-5G/p/SM-G990BLVDEUB
SM-G990BLVGEUB,https://shop.samsung.com/pt/Products/Smartphones/Galaxy-S21-Series/Galaxy-S21-FE-5G/p/SM-G990BLVGEUB
SM-G990BZADEUB,https://shop.samsung.com/pt/Products/Smartphones/Galaxy-S21-Series/Galaxy-S21-FE-5G/p/SM-G990BZADEUB
SM-G990BZAGEUB,https://shop.samsung.com/pt/Products/Smartphones/Galaxy-S21-Series/Galaxy-S21-FE-5G/p/SM-G990BZAGEUB
SM-G990BZWDEUB,https://shop.samsung.com/pt/Products/Smartphones/Galaxy-S21-Series/Galaxy-S21-FE-5G/p/SM-G990BZWDEUB
SM-G990BZWGEUB,https://shop.samsung.com/pt/Products/Smartphones/Galaxy-S21-Series/Galaxy-S21-FE-5G/p/SM-G990BZWGEUB
EF-QG990CTEGWW,https://shop.samsung.com/pt/Products/Accessories/Acess%C3%B3rios-Galaxy-S21//p/EF-QG990CTEGWW
SM-X200NIDAEUB,https://shop.samsung.com/pt/Products/Tablets/Galaxy-A-Series/Galaxy-Tab-A8-WiFi/p/SM-X200NIDAEUB
SM-X200NIDEEUB,https://shop.samsung.com/pt/Products/Tablets/Galaxy-A-Series/Galaxy-Tab-A8-WiFi/p/SM-X200NIDEEUB
SM-X200NIDFEUB,https://shop.samsung.com/pt/Products/Tablets/Galaxy-A-Series/Galaxy-Tab-A8-WiFi/p/SM-X200NIDFEUB
SM-X200NZAAEUB,https://shop.samsung.com/pt/Products/Tablets/Galaxy-A-Series/Galaxy-Tab-A8-WiFi/p/SM-X200NZAAEUB
SM-X200NZAEEUB,https://shop.samsung.com/pt/Products/Tablets/Galaxy-A-Series/Galaxy-Tab-A8-WiFi/p/SM-X200NZAEEUB
SM-X200NZAFEUB,https://shop.samsung.com/pt/Products/Tablets/Galaxy-A-Series/Galaxy-Tab-A8-WiFi/p/SM-X200NZAFEUB
SM-X200NZSAEUB,https://shop.samsung.com/pt/Products/Tablets/Galaxy-A-Series/Galaxy-Tab-A8-WiFi/p/SM-X200NZSAEUB
SM-X200NZSEEUB,https://shop.samsung.com/pt/Products/Tablets/Galaxy-A-Series/Galaxy-Tab-A8-WiFi/p/SM-X200NZSEEUB
SM-X200NZSFEUB,https://shop.samsung.com/pt/Products/Tablets/Galaxy-A-Series/Galaxy-Tab-A8-WiFi/p/SM-X200NZSFEUB
SM-X205NZAAEUB,https://shop.samsung.com/pt/Products/Tablets/Galaxy-A-Series/Galaxy-Tab-A8-4G/p/SM-X205NZAAEUB
SM-X205NZAEEUB,https://shop.samsung.com/pt/Products/Tablets/Galaxy-A-Series/Galaxy-Tab-A8-4G/p/SM-X205NZAEEUB
SM-X205NZAFEUB,https://shop.samsung.com/pt/Products/Tablets/Galaxy-A-Series/Galaxy-Tab-A8-4G/p/SM-X205NZAFEUB
SM-X205NZSAEUB,https://shop.samsung.com/pt/Products/Tablets/Galaxy-A-Series/Galaxy-Tab-A8-4G/p/SM-X205NZSAEUB
SM-X205NZSEEUB,https://shop.samsung.com/pt/Products/Tablets/Galaxy-A-Series/Galaxy-Tab-A8-4G/p/SM-X205NZSEEUB
SM-X205NZSFEUB,https://shop.samsung.com/pt/Products/Tablets/Galaxy-A-Series/Galaxy-Tab-A8-4G/p/SM-X205NZSFEUB
SP-LSP3BLAXXE,https://shop.samsung.com/pt/Products/TV/Projetores/The-Freestyle-%282022%29/p/SP-LSP3BLAXXE
VG-SCLA00G/XC,https://shop.samsung.com/pt/Products/Accessories/TV-Accessories/Capa-para-Exterior-The-Freestyle/p/VG-SCLA00G/XC
